,AR ID,Date,Max ERM
0,/home/disk/orca/csmall3/AR_testing_research/LPT_ARs/hourly_res/5N_5S_AR_outputs/data/AR/g0_0h/thresh1/systems/2000050100_2001043023/lpt_system_mask_AR.lptid00185.1000.nc,2001-01-02T11:00:00,1.6310995
1,/home/disk/orca/csmall3/AR_testing_research/LPT_ARs/hourly_res/5N_5S_AR_outputs/data/AR/g0_0h/thresh1/systems/2000050100_2001043023/lpt_system_mask_AR.lptid00185.2000.nc,2001-01-03T15:00:00,1.6310995
2,/home/disk/orca/csmall3/AR_testing_research/LPT_ARs/hourly_res/5N_5S_AR_outputs/data/AR/g0_0h/thresh1/systems/2000050100_2001043023/lpt_system_mask_AR.lptid00191.1000.nc,2001-01-17T23:00:00,0.9201254
3,/home/disk/orca/csmall3/AR_testing_research/LPT_ARs/hourly_res/5N_5S_AR_outputs/data/AR/g0_0h/thresh1/systems/2000050100_2001043023/lpt_system_mask_AR.lptid00191.2000.nc,2001-01-17T23:00:00,0.9201254
4,/home/disk/orca/csmall3/AR_testing_research/LPT_ARs/hourly_res/5N_5S_AR_outputs/data/AR/g0_0h/thresh1/systems/2000050100_2001043023/lpt_system_mask_AR.lptid00195.2000.nc,2001-02-02T03:00:00,0.6859088
5,/home/disk/orca/csmall3/AR_testing_research/LPT_ARs/hourly_res/5N_5S_AR_outputs/data/AR/g0_0h/thresh1/systems/2000050100_2001043023/lpt_system_mask_AR.lptid00224.1000.nc,2001-03-01T18:00:00,1.2921269
6,/home/disk/orca/csmall3/AR_testing_research/LPT_ARs/hourly_res/5N_5S_AR_outputs/data/AR/g0_0h/thresh1/systems/2000050100_2001043023/lpt_system_mask_AR.lptid00229.1000.nc,2001-03-18T08:00:00,0.580691
7,/home/disk/orca/csmall3/AR_testing_research/LPT_ARs/hourly_res/5N_5S_AR_outputs/data/AR/g0_0h/thresh1/systems/2000050100_2001043023/lpt_system_mask_AR.lptid00256.1000.nc,2001-04-22T21:00:00,0.9087536
8,/home/disk/orca/csmall3/AR_testing_research/LPT_ARs/hourly_res/5N_5S_AR_outputs/data/AR/g0_0h/thresh1/systems/2000050100_2001043023/lpt_system_mask_AR.lptid00256.2000.nc,2001-04-22T21:00:00,0.9087536
9,/home/disk/orca/csmall3/AR_testing_research/LPT_ARs/hourly_res/5N_5S_AR_outputs/data/AR/g0_0h/thresh1/systems/2000050100_2001043023/lpt_system_mask_AR.lptid00265.1000.nc,2001-04-24T09:00:00,1.1416324
10,/home/disk/orca/csmall3/AR_testing_research/LPT_ARs/hourly_res/5N_5S_AR_outputs/data/AR/g0_0h/thresh1/systems/2000050100_2001043023/lpt_system_mask_AR.lptid00270.1000.nc,2001-04-30T07:00:00,0.68596095
11,/home/disk/orca/csmall3/AR_testing_research/LPT_ARs/hourly_res/5N_5S_AR_outputs/data/AR/g0_0h/thresh1/systems/2001050100_2002043023/lpt_system_mask_AR.lptid00103.1000.nc,2001-10-07T12:00:00,0.8935809
12,/home/disk/orca/csmall3/AR_testing_research/LPT_ARs/hourly_res/5N_5S_AR_outputs/data/AR/g0_0h/thresh1/systems/2001050100_2002043023/lpt_system_mask_AR.lptid00103.2000.nc,2001-10-07T12:00:00,0.8935809
13,/home/disk/orca/csmall3/AR_testing_research/LPT_ARs/hourly_res/5N_5S_AR_outputs/data/AR/g0_0h/thresh1/systems/2001050100_2002043023/lpt_system_mask_AR.lptid00114.1000.nc,2001-10-18T08:00:00,0.76824605
14,/home/disk/orca/csmall3/AR_testing_research/LPT_ARs/hourly_res/5N_5S_AR_outputs/data/AR/g0_0h/thresh1/systems/2001050100_2002043023/lpt_system_mask_AR.lptid00114.5000.nc,2001-10-21T08:00:00,0.5358267
15,/home/disk/orca/csmall3/AR_testing_research/LPT_ARs/hourly_res/5N_5S_AR_outputs/data/AR/g0_0h/thresh1/systems/2001050100_2002043023/lpt_system_mask_AR.lptid00126.2000.nc,2001-11-04T07:00:00,0.37208942
16,/home/disk/orca/csmall3/AR_testing_research/LPT_ARs/hourly_res/5N_5S_AR_outputs/data/AR/g0_0h/thresh1/systems/2001050100_2002043023/lpt_system_mask_AR.lptid00142.1000.nc,2001-11-19T06:00:00,1.6104954
17,/home/disk/orca/csmall3/AR_testing_research/LPT_ARs/hourly_res/5N_5S_AR_outputs/data/AR/g0_0h/thresh1/systems/2001050100_2002043023/lpt_system_mask_AR.lptid00156.1000.nc,2001-12-12T16:00:00,1.4462606
18,/home/disk/orca/csmall3/AR_testing_research/LPT_ARs/hourly_res/5N_5S_AR_outputs/data/AR/g0_0h/thresh1/systems/2001050100_2002043023/lpt_system_mask_AR.lptid00171.1000.nc,2002-01-05T20:00:00,1.4288495
19,/home/disk/orca/csmall3/AR_testing_research/LPT_ARs/hourly_res/5N_5S_AR_outputs/data/AR/g0_0h/thresh1/systems/2001050100_2002043023/lpt_system_mask_AR.lptid00171.2000.nc,2002-01-05T20:00:00,1.4288495
20,/home/disk/orca/csmall3/AR_testing_research/LPT_ARs/hourly_res/5N_5S_AR_outputs/data/AR/g0_0h/thresh1/systems/2001050100_2002043023/lpt_system_mask_AR.lptid00176.1000.nc,2002-01-10T20:00:00,0.71700853
21,/home/disk/orca/csmall3/AR_testing_research/LPT_ARs/hourly_res/5N_5S_AR_outputs/data/AR/g0_0h/thresh1/systems/2001050100_2002043023/lpt_system_mask_AR.lptid00201.1000.nc,2002-02-21T05:00:00,1.222161
22,/home/disk/orca/csmall3/AR_testing_research/LPT_ARs/hourly_res/5N_5S_AR_outputs/data/AR/g0_0h/thresh1/systems/2001050100_2002043023/lpt_system_mask_AR.lptid00201.2000.nc,2002-02-21T05:00:00,1.222161
23,/home/disk/orca/csmall3/AR_testing_research/LPT_ARs/hourly_res/5N_5S_AR_outputs/data/AR/g0_0h/thresh1/systems/2001050100_2002043023/lpt_system_mask_AR.lptid00241.1000.nc,2002-04-11T09:00:00,0.81792843
24,/home/disk/orca/csmall3/AR_testing_research/LPT_ARs/hourly_res/5N_5S_AR_outputs/data/AR/g0_0h/thresh1/systems/2002050100_2003043023/lpt_system_mask_AR.lptid00008.1100.nc,2002-06-17T10:00:00,0.8174632
25,/home/disk/orca/csmall3/AR_testing_research/LPT_ARs/hourly_res/5N_5S_AR_outputs/data/AR/g0_0h/thresh1/systems/2002050100_2003043023/lpt_system_mask_AR.lptid00008.1200.nc,2002-06-17T10:00:00,0.48259705
26,/home/disk/orca/csmall3/AR_testing_research/LPT_ARs/hourly_res/5N_5S_AR_outputs/data/AR/g0_0h/thresh1/systems/2002050100_2003043023/lpt_system_mask_AR.lptid00008.1300.nc,2002-06-17T10:00:00,0.8174632
27,/home/disk/orca/csmall3/AR_testing_research/LPT_ARs/hourly_res/5N_5S_AR_outputs/data/AR/g0_0h/thresh1/systems/2002050100_2003043023/lpt_system_mask_AR.lptid00154.1000.nc,2002-11-05T19:00:00,2.4820035
28,/home/disk/orca/csmall3/AR_testing_research/LPT_ARs/hourly_res/5N_5S_AR_outputs/data/AR/g0_0h/thresh1/systems/2002050100_2003043023/lpt_system_mask_AR.lptid00154.2000.nc,2002-11-05T19:00:00,2.4820035
29,/home/disk/orca/csmall3/AR_testing_research/LPT_ARs/hourly_res/5N_5S_AR_outputs/data/AR/g0_0h/thresh1/systems/2002050100_2003043023/lpt_system_mask_AR.lptid00158.2000.nc,2002-11-18T02:00:00,1.0045583
30,/home/disk/orca/csmall3/AR_testing_research/LPT_ARs/hourly_res/5N_5S_AR_outputs/data/AR/g0_0h/thresh1/systems/2002050100_2003043023/lpt_system_mask_AR.lptid00176.1000.nc,2002-12-11T15:00:00,2.9014254
31,/home/disk/orca/csmall3/AR_testing_research/LPT_ARs/hourly_res/5N_5S_AR_outputs/data/AR/g0_0h/thresh1/systems/2002050100_2003043023/lpt_system_mask_AR.lptid00176.2000.nc,2002-12-11T15:00:00,2.9014254
32,/home/disk/orca/csmall3/AR_testing_research/LPT_ARs/hourly_res/5N_5S_AR_outputs/data/AR/g0_0h/thresh1/systems/2002050100_2003043023/lpt_system_mask_AR.lptid00185.1000.nc,2002-12-15T23:00:00,2.9014254
33,/home/disk/orca/csmall3/AR_testing_research/LPT_ARs/hourly_res/5N_5S_AR_outputs/data/AR/g0_0h/thresh1/systems/2002050100_2003043023/lpt_system_mask_AR.lptid00191.1000.nc,2002-12-27T11:00:00,2.109616
34,/home/disk/orca/csmall3/AR_testing_research/LPT_ARs/hourly_res/5N_5S_AR_outputs/data/AR/g0_0h/thresh1/systems/2002050100_2003043023/lpt_system_mask_AR.lptid00194.1000.nc,2003-01-01T15:00:00,4.182426
35,/home/disk/orca/csmall3/AR_testing_research/LPT_ARs/hourly_res/5N_5S_AR_outputs/data/AR/g0_0h/thresh1/systems/2002050100_2003043023/lpt_system_mask_AR.lptid00200.1000.nc,2003-01-11T18:00:00,1.0192194
36,/home/disk/orca/csmall3/AR_testing_research/LPT_ARs/hourly_res/5N_5S_AR_outputs/data/AR/g0_0h/thresh1/systems/2002050100_2003043023/lpt_system_mask_AR.lptid00211.1000.nc,2003-01-22T07:00:00,0.92845
37,/home/disk/orca/csmall3/AR_testing_research/LPT_ARs/hourly_res/5N_5S_AR_outputs/data/AR/g0_0h/thresh1/systems/2002050100_2003043023/lpt_system_mask_AR.lptid00211.2000.nc,2003-01-22T07:00:00,0.92845
38,/home/disk/orca/csmall3/AR_testing_research/LPT_ARs/hourly_res/5N_5S_AR_outputs/data/AR/g0_0h/thresh1/systems/2002050100_2003043023/lpt_system_mask_AR.lptid00211.3000.nc,2003-01-24T03:00:00,1.0106544
39,/home/disk/orca/csmall3/AR_testing_research/LPT_ARs/hourly_res/5N_5S_AR_outputs/data/AR/g0_0h/thresh1/systems/2002050100_2003043023/lpt_system_mask_AR.lptid00216.1000.nc,2003-01-29T13:00:00,1.6934788
40,/home/disk/orca/csmall3/AR_testing_research/LPT_ARs/hourly_res/5N_5S_AR_outputs/data/AR/g0_0h/thresh1/systems/2002050100_2003043023/lpt_system_mask_AR.lptid00242.1000.nc,2003-02-15T13:00:00,0.9001233
41,/home/disk/orca/csmall3/AR_testing_research/LPT_ARs/hourly_res/5N_5S_AR_outputs/data/AR/g0_0h/thresh1/systems/2002050100_2003043023/lpt_system_mask_AR.lptid00252.1000.nc,2003-03-12T08:00:00,1.5020847
42,/home/disk/orca/csmall3/AR_testing_research/LPT_ARs/hourly_res/5N_5S_AR_outputs/data/AR/g0_0h/thresh1/systems/2002050100_2003043023/lpt_system_mask_AR.lptid00264.1000.nc,2003-03-29T22:00:00,1.0380516
43,/home/disk/orca/csmall3/AR_testing_research/LPT_ARs/hourly_res/5N_5S_AR_outputs/data/AR/g0_0h/thresh1/systems/2002050100_2003043023/lpt_system_mask_AR.lptid00264.2000.nc,2003-03-21T10:00:00,1.0380516
44,/home/disk/orca/csmall3/AR_testing_research/LPT_ARs/hourly_res/5N_5S_AR_outputs/data/AR/g0_0h/thresh1/systems/2002050100_2003043023/lpt_system_mask_AR.lptid00279.1000.nc,2003-04-07T09:00:00,0.7707559
45,/home/disk/orca/csmall3/AR_testing_research/LPT_ARs/hourly_res/5N_5S_AR_outputs/data/AR/g0_0h/thresh1/systems/2003050100_2004043023/lpt_system_mask_AR.lptid00073.3000.nc,2003-09-23T15:00:00,0.18950783
46,/home/disk/orca/csmall3/AR_testing_research/LPT_ARs/hourly_res/5N_5S_AR_outputs/data/AR/g0_0h/thresh1/systems/2003050100_2004043023/lpt_system_mask_AR.lptid00102.2000.nc,2003-10-06T06:00:00,0.55660015
47,/home/disk/orca/csmall3/AR_testing_research/LPT_ARs/hourly_res/5N_5S_AR_outputs/data/AR/g0_0h/thresh1/systems/2003050100_2004043023/lpt_system_mask_AR.lptid00167.1000.nc,2003-12-05T10:00:00,0.99448836
48,/home/disk/orca/csmall3/AR_testing_research/LPT_ARs/hourly_res/5N_5S_AR_outputs/data/AR/g0_0h/thresh1/systems/2003050100_2004043023/lpt_system_mask_AR.lptid00171.1000.nc,2003-12-13T10:00:00,1.8156008
49,/home/disk/orca/csmall3/AR_testing_research/LPT_ARs/hourly_res/5N_5S_AR_outputs/data/AR/g0_0h/thresh1/systems/2003050100_2004043023/lpt_system_mask_AR.lptid00176.1000.nc,2003-12-16T10:00:00,0.8804095
50,/home/disk/orca/csmall3/AR_testing_research/LPT_ARs/hourly_res/5N_5S_AR_outputs/data/AR/g0_0h/thresh1/systems/2003050100_2004043023/lpt_system_mask_AR.lptid00194.1000.nc,2004-01-08T21:00:00,0.9909934
51,/home/disk/orca/csmall3/AR_testing_research/LPT_ARs/hourly_res/5N_5S_AR_outputs/data/AR/g0_0h/thresh1/systems/2003050100_2004043023/lpt_system_mask_AR.lptid00194.2000.nc,2004-01-06T22:00:00,0.9909934
52,/home/disk/orca/csmall3/AR_testing_research/LPT_ARs/hourly_res/5N_5S_AR_outputs/data/AR/g0_0h/thresh1/systems/2003050100_2004043023/lpt_system_mask_AR.lptid00196.1000.nc,2004-01-11T14:00:00,1.0697393
53,/home/disk/orca/csmall3/AR_testing_research/LPT_ARs/hourly_res/5N_5S_AR_outputs/data/AR/g0_0h/thresh1/systems/2003050100_2004043023/lpt_system_mask_AR.lptid00196.2000.nc,2004-01-11T14:00:00,1.0697393
54,/home/disk/orca/csmall3/AR_testing_research/LPT_ARs/hourly_res/5N_5S_AR_outputs/data/AR/g0_0h/thresh1/systems/2003050100_2004043023/lpt_system_mask_AR.lptid00200.1000.nc,2004-01-22T23:00:00,0.9396879
55,/home/disk/orca/csmall3/AR_testing_research/LPT_ARs/hourly_res/5N_5S_AR_outputs/data/AR/g0_0h/thresh1/systems/2003050100_2004043023/lpt_system_mask_AR.lptid00209.1000.nc,2004-01-28T08:00:00,1.4588563
56,/home/disk/orca/csmall3/AR_testing_research/LPT_ARs/hourly_res/5N_5S_AR_outputs/data/AR/g0_0h/thresh1/systems/2003050100_2004043023/lpt_system_mask_AR.lptid00217.1000.nc,2004-02-16T14:00:00,1.915637
57,/home/disk/orca/csmall3/AR_testing_research/LPT_ARs/hourly_res/5N_5S_AR_outputs/data/AR/g0_0h/thresh1/systems/2003050100_2004043023/lpt_system_mask_AR.lptid00236.1000.nc,2004-03-07T02:00:00,0.62070465
58,/home/disk/orca/csmall3/AR_testing_research/LPT_ARs/hourly_res/5N_5S_AR_outputs/data/AR/g0_0h/thresh1/systems/2003050100_2004043023/lpt_system_mask_AR.lptid00246.1000.nc,2004-03-16T00:00:00,0.50400174
59,/home/disk/orca/csmall3/AR_testing_research/LPT_ARs/hourly_res/5N_5S_AR_outputs/data/AR/g0_0h/thresh1/systems/2004050100_2005043023/lpt_system_mask_AR.lptid00099.1000.nc,2004-09-21T23:00:00,0.5125895
60,/home/disk/orca/csmall3/AR_testing_research/LPT_ARs/hourly_res/5N_5S_AR_outputs/data/AR/g0_0h/thresh1/systems/2004050100_2005043023/lpt_system_mask_AR.lptid00103.1000.nc,2004-10-05T15:00:00,0.5308155
61,/home/disk/orca/csmall3/AR_testing_research/LPT_ARs/hourly_res/5N_5S_AR_outputs/data/AR/g0_0h/thresh1/systems/2004050100_2005043023/lpt_system_mask_AR.lptid00106.1000.nc,2004-10-11T18:00:00,1.1415093
62,/home/disk/orca/csmall3/AR_testing_research/LPT_ARs/hourly_res/5N_5S_AR_outputs/data/AR/g0_0h/thresh1/systems/2004050100_2005043023/lpt_system_mask_AR.lptid00114.1000.nc,2004-10-22T06:00:00,1.5331562
63,/home/disk/orca/csmall3/AR_testing_research/LPT_ARs/hourly_res/5N_5S_AR_outputs/data/AR/g0_0h/thresh1/systems/2004050100_2005043023/lpt_system_mask_AR.lptid00131.1000.nc,2004-10-30T01:00:00,0.7923383
64,/home/disk/orca/csmall3/AR_testing_research/LPT_ARs/hourly_res/5N_5S_AR_outputs/data/AR/g0_0h/thresh1/systems/2004050100_2005043023/lpt_system_mask_AR.lptid00140.1000.nc,2004-11-06T00:00:00,1.6787665
65,/home/disk/orca/csmall3/AR_testing_research/LPT_ARs/hourly_res/5N_5S_AR_outputs/data/AR/g0_0h/thresh1/systems/2004050100_2005043023/lpt_system_mask_AR.lptid00149.1000.nc,2004-11-23T21:00:00,1.0078998
66,/home/disk/orca/csmall3/AR_testing_research/LPT_ARs/hourly_res/5N_5S_AR_outputs/data/AR/g0_0h/thresh1/systems/2004050100_2005043023/lpt_system_mask_AR.lptid00149.2000.nc,2004-11-22T02:00:00,1.375743
67,/home/disk/orca/csmall3/AR_testing_research/LPT_ARs/hourly_res/5N_5S_AR_outputs/data/AR/g0_0h/thresh1/systems/2004050100_2005043023/lpt_system_mask_AR.lptid00174.1000.nc,2004-12-16T21:00:00,0.6747082
68,/home/disk/orca/csmall3/AR_testing_research/LPT_ARs/hourly_res/5N_5S_AR_outputs/data/AR/g0_0h/thresh1/systems/2004050100_2005043023/lpt_system_mask_AR.lptid00198.1000.nc,2005-01-15T18:00:00,1.556976
69,/home/disk/orca/csmall3/AR_testing_research/LPT_ARs/hourly_res/5N_5S_AR_outputs/data/AR/g0_0h/thresh1/systems/2004050100_2005043023/lpt_system_mask_AR.lptid00201.1000.nc,2005-01-17T03:00:00,1.556976
70,/home/disk/orca/csmall3/AR_testing_research/LPT_ARs/hourly_res/5N_5S_AR_outputs/data/AR/g0_0h/thresh1/systems/2004050100_2005043023/lpt_system_mask_AR.lptid00213.1000.nc,2005-02-02T03:00:00,0.46157676
71,/home/disk/orca/csmall3/AR_testing_research/LPT_ARs/hourly_res/5N_5S_AR_outputs/data/AR/g0_0h/thresh1/systems/2004050100_2005043023/lpt_system_mask_AR.lptid00242.1000.nc,2005-03-07T01:00:00,0.43213028
72,/home/disk/orca/csmall3/AR_testing_research/LPT_ARs/hourly_res/5N_5S_AR_outputs/data/AR/g0_0h/thresh1/systems/2004050100_2005043023/lpt_system_mask_AR.lptid00242.2000.nc,2005-03-07T02:00:00,0.43213028
73,/home/disk/orca/csmall3/AR_testing_research/LPT_ARs/hourly_res/5N_5S_AR_outputs/data/AR/g0_0h/thresh1/systems/2004050100_2005043023/lpt_system_mask_AR.lptid00251.1000.nc,2005-03-26T04:00:00,1.6103246
74,/home/disk/orca/csmall3/AR_testing_research/LPT_ARs/hourly_res/5N_5S_AR_outputs/data/AR/g0_0h/thresh1/systems/2004050100_2005043023/lpt_system_mask_AR.lptid00256.1000.nc,2005-04-01T00:00:00,0.5659706
75,/home/disk/orca/csmall3/AR_testing_research/LPT_ARs/hourly_res/5N_5S_AR_outputs/data/AR/g0_0h/thresh1/systems/2004050100_2005043023/lpt_system_mask_AR.lptid00259.1000.nc,2005-04-05T17:00:00,0.706047
76,/home/disk/orca/csmall3/AR_testing_research/LPT_ARs/hourly_res/5N_5S_AR_outputs/data/AR/g0_0h/thresh1/systems/2004050100_2005043023/lpt_system_mask_AR.lptid00259.2000.nc,2005-04-10T20:00:00,0.46095955
77,/home/disk/orca/csmall3/AR_testing_research/LPT_ARs/hourly_res/5N_5S_AR_outputs/data/AR/g0_0h/thresh1/systems/2004050100_2005043023/lpt_system_mask_AR.lptid00274.1000.nc,2005-04-15T15:00:00,0.65730053
78,/home/disk/orca/csmall3/AR_testing_research/LPT_ARs/hourly_res/5N_5S_AR_outputs/data/AR/g0_0h/thresh1/systems/2005050100_2006043023/lpt_system_mask_AR.lptid00001.0400.nc,2005-07-31T07:00:00,1.855186
79,/home/disk/orca/csmall3/AR_testing_research/LPT_ARs/hourly_res/5N_5S_AR_outputs/data/AR/g0_0h/thresh1/systems/2005050100_2006043023/lpt_system_mask_AR.lptid00099.4000.nc,2005-09-08T16:00:00,0.6392356
80,/home/disk/orca/csmall3/AR_testing_research/LPT_ARs/hourly_res/5N_5S_AR_outputs/data/AR/g0_0h/thresh1/systems/2005050100_2006043023/lpt_system_mask_AR.lptid00109.3000.nc,2005-09-28T19:00:00,1.668316
81,/home/disk/orca/csmall3/AR_testing_research/LPT_ARs/hourly_res/5N_5S_AR_outputs/data/AR/g0_0h/thresh1/systems/2005050100_2006043023/lpt_system_mask_AR.lptid00109.5000.nc,2005-09-28T19:00:00,1.668316
82,/home/disk/orca/csmall3/AR_testing_research/LPT_ARs/hourly_res/5N_5S_AR_outputs/data/AR/g0_0h/thresh1/systems/2005050100_2006043023/lpt_system_mask_AR.lptid00133.1000.nc,2005-10-12T06:00:00,0.6361397
83,/home/disk/orca/csmall3/AR_testing_research/LPT_ARs/hourly_res/5N_5S_AR_outputs/data/AR/g0_0h/thresh1/systems/2005050100_2006043023/lpt_system_mask_AR.lptid00139.1000.nc,2005-10-13T08:00:00,1.4765401
84,/home/disk/orca/csmall3/AR_testing_research/LPT_ARs/hourly_res/5N_5S_AR_outputs/data/AR/g0_0h/thresh1/systems/2005050100_2006043023/lpt_system_mask_AR.lptid00165.1000.nc,2005-11-18T10:00:00,1.3976213
85,/home/disk/orca/csmall3/AR_testing_research/LPT_ARs/hourly_res/5N_5S_AR_outputs/data/AR/g0_0h/thresh1/systems/2005050100_2006043023/lpt_system_mask_AR.lptid00165.2000.nc,2005-11-13T06:00:00,1.3976213
86,/home/disk/orca/csmall3/AR_testing_research/LPT_ARs/hourly_res/5N_5S_AR_outputs/data/AR/g0_0h/thresh1/systems/2005050100_2006043023/lpt_system_mask_AR.lptid00196.1000.nc,2005-12-20T22:00:00,3.0037022
87,/home/disk/orca/csmall3/AR_testing_research/LPT_ARs/hourly_res/5N_5S_AR_outputs/data/AR/g0_0h/thresh1/systems/2005050100_2006043023/lpt_system_mask_AR.lptid00196.2000.nc,2005-12-20T22:00:00,3.0037022
88,/home/disk/orca/csmall3/AR_testing_research/LPT_ARs/hourly_res/5N_5S_AR_outputs/data/AR/g0_0h/thresh1/systems/2005050100_2006043023/lpt_system_mask_AR.lptid00196.3000.nc,2005-12-20T22:00:00,10.860035
89,/home/disk/orca/csmall3/AR_testing_research/LPT_ARs/hourly_res/5N_5S_AR_outputs/data/AR/g0_0h/thresh1/systems/2005050100_2006043023/lpt_system_mask_AR.lptid00196.4000.nc,2005-12-30T23:00:00,10.860035
90,/home/disk/orca/csmall3/AR_testing_research/LPT_ARs/hourly_res/5N_5S_AR_outputs/data/AR/g0_0h/thresh1/systems/2005050100_2006043023/lpt_system_mask_AR.lptid00211.1000.nc,2006-01-05T03:00:00,1.6010393
91,/home/disk/orca/csmall3/AR_testing_research/LPT_ARs/hourly_res/5N_5S_AR_outputs/data/AR/g0_0h/thresh1/systems/2005050100_2006043023/lpt_system_mask_AR.lptid00215.1000.nc,2006-01-09T03:00:00,2.0554116
92,/home/disk/orca/csmall3/AR_testing_research/LPT_ARs/hourly_res/5N_5S_AR_outputs/data/AR/g0_0h/thresh1/systems/2005050100_2006043023/lpt_system_mask_AR.lptid00217.1000.nc,2006-01-16T11:00:00,1.508045
93,/home/disk/orca/csmall3/AR_testing_research/LPT_ARs/hourly_res/5N_5S_AR_outputs/data/AR/g0_0h/thresh1/systems/2005050100_2006043023/lpt_system_mask_AR.lptid00225.2000.nc,2006-01-28T09:00:00,1.2777772
94,/home/disk/orca/csmall3/AR_testing_research/LPT_ARs/hourly_res/5N_5S_AR_outputs/data/AR/g0_0h/thresh1/systems/2005050100_2006043023/lpt_system_mask_AR.lptid00252.1000.nc,2006-02-27T02:00:00,2.1488795
95,/home/disk/orca/csmall3/AR_testing_research/LPT_ARs/hourly_res/5N_5S_AR_outputs/data/AR/g0_0h/thresh1/systems/2005050100_2006043023/lpt_system_mask_AR.lptid00254.1000.nc,2006-03-08T16:00:00,0.5160269
96,/home/disk/orca/csmall3/AR_testing_research/LPT_ARs/hourly_res/5N_5S_AR_outputs/data/AR/g0_0h/thresh1/systems/2005050100_2006043023/lpt_system_mask_AR.lptid00287.2000.nc,2006-04-14T03:00:00,0.88313967
97,/home/disk/orca/csmall3/AR_testing_research/LPT_ARs/hourly_res/5N_5S_AR_outputs/data/AR/g0_0h/thresh1/systems/2006050100_2007043023/lpt_system_mask_AR.lptid00097.1000.nc,2006-09-17T08:00:00,0.7526081
98,/home/disk/orca/csmall3/AR_testing_research/LPT_ARs/hourly_res/5N_5S_AR_outputs/data/AR/g0_0h/thresh1/systems/2006050100_2007043023/lpt_system_mask_AR.lptid00097.2000.nc,2006-09-20T10:00:00,0.80761653
99,/home/disk/orca/csmall3/AR_testing_research/LPT_ARs/hourly_res/5N_5S_AR_outputs/data/AR/g0_0h/thresh1/systems/2006050100_2007043023/lpt_system_mask_AR.lptid00097.6000.nc,2006-09-20T10:00:00,0.80761653
100,/home/disk/orca/csmall3/AR_testing_research/LPT_ARs/hourly_res/5N_5S_AR_outputs/data/AR/g0_0h/thresh1/systems/2006050100_2007043023/lpt_system_mask_AR.lptid00117.3000.nc,2006-10-08T11:00:00,1.4765608
101,/home/disk/orca/csmall3/AR_testing_research/LPT_ARs/hourly_res/5N_5S_AR_outputs/data/AR/g0_0h/thresh1/systems/2006050100_2007043023/lpt_system_mask_AR.lptid00117.4000.nc,2006-10-08T11:00:00,0.40461048
102,/home/disk/orca/csmall3/AR_testing_research/LPT_ARs/hourly_res/5N_5S_AR_outputs/data/AR/g0_0h/thresh1/systems/2006050100_2007043023/lpt_system_mask_AR.lptid00117.6000.nc,2006-10-15T10:00:00,1.439214
103,/home/disk/orca/csmall3/AR_testing_research/LPT_ARs/hourly_res/5N_5S_AR_outputs/data/AR/g0_0h/thresh1/systems/2006050100_2007043023/lpt_system_mask_AR.lptid00127.1000.nc,2006-10-26T04:00:00,0.43209878
104,/home/disk/orca/csmall3/AR_testing_research/LPT_ARs/hourly_res/5N_5S_AR_outputs/data/AR/g0_0h/thresh1/systems/2006050100_2007043023/lpt_system_mask_AR.lptid00155.1000.nc,2006-11-30T05:00:00,0.56
105,/home/disk/orca/csmall3/AR_testing_research/LPT_ARs/hourly_res/5N_5S_AR_outputs/data/AR/g0_0h/thresh1/systems/2006050100_2007043023/lpt_system_mask_AR.lptid00159.1000.nc,2006-12-08T01:00:00,0.92176956
106,/home/disk/orca/csmall3/AR_testing_research/LPT_ARs/hourly_res/5N_5S_AR_outputs/data/AR/g0_0h/thresh1/systems/2006050100_2007043023/lpt_system_mask_AR.lptid00171.1000.nc,2006-12-11T05:00:00,2.3788574
107,/home/disk/orca/csmall3/AR_testing_research/LPT_ARs/hourly_res/5N_5S_AR_outputs/data/AR/g0_0h/thresh1/systems/2006050100_2007043023/lpt_system_mask_AR.lptid00178.1000.nc,2006-12-21T02:00:00,1.4885241
108,/home/disk/orca/csmall3/AR_testing_research/LPT_ARs/hourly_res/5N_5S_AR_outputs/data/AR/g0_0h/thresh1/systems/2006050100_2007043023/lpt_system_mask_AR.lptid00185.1000.nc,2007-01-01T11:00:00,1.2576258
109,/home/disk/orca/csmall3/AR_testing_research/LPT_ARs/hourly_res/5N_5S_AR_outputs/data/AR/g0_0h/thresh1/systems/2006050100_2007043023/lpt_system_mask_AR.lptid00191.1000.nc,2007-01-07T10:00:00,0.95266134
110,/home/disk/orca/csmall3/AR_testing_research/LPT_ARs/hourly_res/5N_5S_AR_outputs/data/AR/g0_0h/thresh1/systems/2006050100_2007043023/lpt_system_mask_AR.lptid00198.1000.nc,2007-01-18T13:00:00,0.64971876
111,/home/disk/orca/csmall3/AR_testing_research/LPT_ARs/hourly_res/5N_5S_AR_outputs/data/AR/g0_0h/thresh1/systems/2006050100_2007043023/lpt_system_mask_AR.lptid00202.1000.nc,2007-01-22T07:00:00,0.98487645
112,/home/disk/orca/csmall3/AR_testing_research/LPT_ARs/hourly_res/5N_5S_AR_outputs/data/AR/g0_0h/thresh1/systems/2006050100_2007043023/lpt_system_mask_AR.lptid00209.1000.nc,2007-02-03T15:00:00,1.0582762
113,/home/disk/orca/csmall3/AR_testing_research/LPT_ARs/hourly_res/5N_5S_AR_outputs/data/AR/g0_0h/thresh1/systems/2006050100_2007043023/lpt_system_mask_AR.lptid00209.2000.nc,2007-02-06T18:00:00,0.84419364
114,/home/disk/orca/csmall3/AR_testing_research/LPT_ARs/hourly_res/5N_5S_AR_outputs/data/AR/g0_0h/thresh1/systems/2006050100_2007043023/lpt_system_mask_AR.lptid00218.1000.nc,2007-02-14T17:00:00,1.3778403
115,/home/disk/orca/csmall3/AR_testing_research/LPT_ARs/hourly_res/5N_5S_AR_outputs/data/AR/g0_0h/thresh1/systems/2006050100_2007043023/lpt_system_mask_AR.lptid00220.1000.nc,2007-02-19T17:00:00,0.9175288
116,/home/disk/orca/csmall3/AR_testing_research/LPT_ARs/hourly_res/5N_5S_AR_outputs/data/AR/g0_0h/thresh1/systems/2006050100_2007043023/lpt_system_mask_AR.lptid00225.1000.nc,2007-03-03T00:00:00,0.80227613
117,/home/disk/orca/csmall3/AR_testing_research/LPT_ARs/hourly_res/5N_5S_AR_outputs/data/AR/g0_0h/thresh1/systems/2006050100_2007043023/lpt_system_mask_AR.lptid00232.1000.nc,2007-03-06T21:00:00,0.82503885
118,/home/disk/orca/csmall3/AR_testing_research/LPT_ARs/hourly_res/5N_5S_AR_outputs/data/AR/g0_0h/thresh1/systems/2006050100_2007043023/lpt_system_mask_AR.lptid00232.2000.nc,2007-03-11T02:00:00,0.82503885
119,/home/disk/orca/csmall3/AR_testing_research/LPT_ARs/hourly_res/5N_5S_AR_outputs/data/AR/g0_0h/thresh1/systems/2006050100_2007043023/lpt_system_mask_AR.lptid00241.1000.nc,2007-03-22T02:00:00,1.2612747
120,/home/disk/orca/csmall3/AR_testing_research/LPT_ARs/hourly_res/5N_5S_AR_outputs/data/AR/g0_0h/thresh1/systems/2006050100_2007043023/lpt_system_mask_AR.lptid00241.2000.nc,2007-03-22T01:00:00,1.2612747
121,/home/disk/orca/csmall3/AR_testing_research/LPT_ARs/hourly_res/5N_5S_AR_outputs/data/AR/g0_0h/thresh1/systems/2006050100_2007043023/lpt_system_mask_AR.lptid00243.1000.nc,2007-03-15T20:00:00,0.69892627
122,/home/disk/orca/csmall3/AR_testing_research/LPT_ARs/hourly_res/5N_5S_AR_outputs/data/AR/g0_0h/thresh1/systems/2006050100_2007043023/lpt_system_mask_AR.lptid00250.1000.nc,2007-04-06T22:00:00,0.695177
123,/home/disk/orca/csmall3/AR_testing_research/LPT_ARs/hourly_res/5N_5S_AR_outputs/data/AR/g0_0h/thresh1/systems/2006050100_2007043023/lpt_system_mask_AR.lptid00250.3000.nc,2007-04-06T22:00:00,0.695177
124,/home/disk/orca/csmall3/AR_testing_research/LPT_ARs/hourly_res/5N_5S_AR_outputs/data/AR/g0_0h/thresh1/systems/2007050100_2008043023/lpt_system_mask_AR.lptid00008.0700.nc,2007-06-09T09:00:00,0.95583653
125,/home/disk/orca/csmall3/AR_testing_research/LPT_ARs/hourly_res/5N_5S_AR_outputs/data/AR/g0_0h/thresh1/systems/2007050100_2008043023/lpt_system_mask_AR.lptid00144.1000.nc,2007-12-03T01:00:00,2.7752721
126,/home/disk/orca/csmall3/AR_testing_research/LPT_ARs/hourly_res/5N_5S_AR_outputs/data/AR/g0_0h/thresh1/systems/2007050100_2008043023/lpt_system_mask_AR.lptid00164.1000.nc,2007-12-22T12:00:00,0.73289496
127,/home/disk/orca/csmall3/AR_testing_research/LPT_ARs/hourly_res/5N_5S_AR_outputs/data/AR/g0_0h/thresh1/systems/2007050100_2008043023/lpt_system_mask_AR.lptid00184.1000.nc,2008-01-02T07:00:00,3.406452
128,/home/disk/orca/csmall3/AR_testing_research/LPT_ARs/hourly_res/5N_5S_AR_outputs/data/AR/g0_0h/thresh1/systems/2007050100_2008043023/lpt_system_mask_AR.lptid00187.1000.nc,2008-01-10T04:00:00,1.3509942
129,/home/disk/orca/csmall3/AR_testing_research/LPT_ARs/hourly_res/5N_5S_AR_outputs/data/AR/g0_0h/thresh1/systems/2007050100_2008043023/lpt_system_mask_AR.lptid00200.2000.nc,2008-02-07T04:00:00,0.8097496
130,/home/disk/orca/csmall3/AR_testing_research/LPT_ARs/hourly_res/5N_5S_AR_outputs/data/AR/g0_0h/thresh1/systems/2007050100_2008043023/lpt_system_mask_AR.lptid00200.4000.nc,2008-02-07T04:00:00,0.8097496
131,/home/disk/orca/csmall3/AR_testing_research/LPT_ARs/hourly_res/5N_5S_AR_outputs/data/AR/g0_0h/thresh1/systems/2007050100_2008043023/lpt_system_mask_AR.lptid00200.6000.nc,2008-02-07T04:00:00,0.8097496
132,/home/disk/orca/csmall3/AR_testing_research/LPT_ARs/hourly_res/5N_5S_AR_outputs/data/AR/g0_0h/thresh1/systems/2008050100_2009043023/lpt_system_mask_AR.lptid00023.0500.nc,2008-06-03T04:00:00,0.89302933
133,/home/disk/orca/csmall3/AR_testing_research/LPT_ARs/hourly_res/5N_5S_AR_outputs/data/AR/g0_0h/thresh1/systems/2008050100_2009043023/lpt_system_mask_AR.lptid00096.1000.nc,2008-09-05T10:00:00,0.2473173
134,/home/disk/orca/csmall3/AR_testing_research/LPT_ARs/hourly_res/5N_5S_AR_outputs/data/AR/g0_0h/thresh1/systems/2008050100_2009043023/lpt_system_mask_AR.lptid00102.5000.nc,2008-10-03T12:00:00,1.0282615
135,/home/disk/orca/csmall3/AR_testing_research/LPT_ARs/hourly_res/5N_5S_AR_outputs/data/AR/g0_0h/thresh1/systems/2008050100_2009043023/lpt_system_mask_AR.lptid00127.1000.nc,2008-10-16T01:00:00,0.3927915
136,/home/disk/orca/csmall3/AR_testing_research/LPT_ARs/hourly_res/5N_5S_AR_outputs/data/AR/g0_0h/thresh1/systems/2008050100_2009043023/lpt_system_mask_AR.lptid00134.1000.nc,2008-10-24T14:00:00,1.2112094
137,/home/disk/orca/csmall3/AR_testing_research/LPT_ARs/hourly_res/5N_5S_AR_outputs/data/AR/g0_0h/thresh1/systems/2008050100_2009043023/lpt_system_mask_AR.lptid00143.1000.nc,2008-11-06T07:00:00,1.5954534
138,/home/disk/orca/csmall3/AR_testing_research/LPT_ARs/hourly_res/5N_5S_AR_outputs/data/AR/g0_0h/thresh1/systems/2008050100_2009043023/lpt_system_mask_AR.lptid00143.2000.nc,2008-11-06T07:00:00,1.5954534
139,/home/disk/orca/csmall3/AR_testing_research/LPT_ARs/hourly_res/5N_5S_AR_outputs/data/AR/g0_0h/thresh1/systems/2008050100_2009043023/lpt_system_mask_AR.lptid00153.1000.nc,2008-11-11T05:00:00,2.2252185
140,/home/disk/orca/csmall3/AR_testing_research/LPT_ARs/hourly_res/5N_5S_AR_outputs/data/AR/g0_0h/thresh1/systems/2008050100_2009043023/lpt_system_mask_AR.lptid00159.1000.nc,2008-11-28T10:00:00,1.128997
141,/home/disk/orca/csmall3/AR_testing_research/LPT_ARs/hourly_res/5N_5S_AR_outputs/data/AR/g0_0h/thresh1/systems/2008050100_2009043023/lpt_system_mask_AR.lptid00159.3000.nc,2008-11-28T10:00:00,1.128997
142,/home/disk/orca/csmall3/AR_testing_research/LPT_ARs/hourly_res/5N_5S_AR_outputs/data/AR/g0_0h/thresh1/systems/2008050100_2009043023/lpt_system_mask_AR.lptid00172.1000.nc,2008-12-05T16:00:00,0.59927046
143,/home/disk/orca/csmall3/AR_testing_research/LPT_ARs/hourly_res/5N_5S_AR_outputs/data/AR/g0_0h/thresh1/systems/2008050100_2009043023/lpt_system_mask_AR.lptid00176.1000.nc,2008-12-09T10:00:00,0.4694407
144,/home/disk/orca/csmall3/AR_testing_research/LPT_ARs/hourly_res/5N_5S_AR_outputs/data/AR/g0_0h/thresh1/systems/2008050100_2009043023/lpt_system_mask_AR.lptid00196.1000.nc,2008-12-27T02:00:00,2.634331
145,/home/disk/orca/csmall3/AR_testing_research/LPT_ARs/hourly_res/5N_5S_AR_outputs/data/AR/g0_0h/thresh1/systems/2008050100_2009043023/lpt_system_mask_AR.lptid00207.1000.nc,2009-01-10T14:00:00,1.1649992
146,/home/disk/orca/csmall3/AR_testing_research/LPT_ARs/hourly_res/5N_5S_AR_outputs/data/AR/g0_0h/thresh1/systems/2008050100_2009043023/lpt_system_mask_AR.lptid00238.1000.nc,2009-02-22T04:00:00,1.4287657
147,/home/disk/orca/csmall3/AR_testing_research/LPT_ARs/hourly_res/5N_5S_AR_outputs/data/AR/g0_0h/thresh1/systems/2008050100_2009043023/lpt_system_mask_AR.lptid00245.1000.nc,2009-03-01T01:00:00,1.1898957
148,/home/disk/orca/csmall3/AR_testing_research/LPT_ARs/hourly_res/5N_5S_AR_outputs/data/AR/g0_0h/thresh1/systems/2008050100_2009043023/lpt_system_mask_AR.lptid00262.1000.nc,2009-04-01T14:00:00,0.69952774
149,/home/disk/orca/csmall3/AR_testing_research/LPT_ARs/hourly_res/5N_5S_AR_outputs/data/AR/g0_0h/thresh1/systems/2008050100_2009043023/lpt_system_mask_AR.lptid00262.2000.nc,2009-04-01T14:00:00,0.69952774
150,/home/disk/orca/csmall3/AR_testing_research/LPT_ARs/hourly_res/5N_5S_AR_outputs/data/AR/g0_0h/thresh1/systems/2008050100_2009043023/lpt_system_mask_AR.lptid00262.4000.nc,2009-04-01T14:00:00,0.69952774
151,/home/disk/orca/csmall3/AR_testing_research/LPT_ARs/hourly_res/5N_5S_AR_outputs/data/AR/g0_0h/thresh1/systems/2008050100_2009043023/lpt_system_mask_AR.lptid00273.1000.nc,2009-04-17T02:00:00,0.36745575
152,/home/disk/orca/csmall3/AR_testing_research/LPT_ARs/hourly_res/5N_5S_AR_outputs/data/AR/g0_0h/thresh1/systems/2009050100_2010043023/lpt_system_mask_AR.lptid00070.0200.nc,2009-09-15T08:00:00,0.5242719
153,/home/disk/orca/csmall3/AR_testing_research/LPT_ARs/hourly_res/5N_5S_AR_outputs/data/AR/g0_0h/thresh1/systems/2009050100_2010043023/lpt_system_mask_AR.lptid00070.0600.nc,2009-09-15T08:00:00,0.5242719
154,/home/disk/orca/csmall3/AR_testing_research/LPT_ARs/hourly_res/5N_5S_AR_outputs/data/AR/g0_0h/thresh1/systems/2009050100_2010043023/lpt_system_mask_AR.lptid00070.1000.nc,2009-09-15T08:00:00,0.5242719
155,/home/disk/orca/csmall3/AR_testing_research/LPT_ARs/hourly_res/5N_5S_AR_outputs/data/AR/g0_0h/thresh1/systems/2009050100_2010043023/lpt_system_mask_AR.lptid00070.1100.nc,2009-09-17T21:00:00,0.5280423
156,/home/disk/orca/csmall3/AR_testing_research/LPT_ARs/hourly_res/5N_5S_AR_outputs/data/AR/g0_0h/thresh1/systems/2009050100_2010043023/lpt_system_mask_AR.lptid00070.2200.nc,2009-09-04T03:00:00,0.76893747
157,/home/disk/orca/csmall3/AR_testing_research/LPT_ARs/hourly_res/5N_5S_AR_outputs/data/AR/g0_0h/thresh1/systems/2009050100_2010043023/lpt_system_mask_AR.lptid00070.2300.nc,2009-09-04T03:00:00,0.76893747
158,/home/disk/orca/csmall3/AR_testing_research/LPT_ARs/hourly_res/5N_5S_AR_outputs/data/AR/g0_0h/thresh1/systems/2009050100_2010043023/lpt_system_mask_AR.lptid00070.2400.nc,2009-09-04T03:00:00,0.76893747
159,/home/disk/orca/csmall3/AR_testing_research/LPT_ARs/hourly_res/5N_5S_AR_outputs/data/AR/g0_0h/thresh1/systems/2009050100_2010043023/lpt_system_mask_AR.lptid00112.2000.nc,2009-10-21T04:00:00,0.87841004
160,/home/disk/orca/csmall3/AR_testing_research/LPT_ARs/hourly_res/5N_5S_AR_outputs/data/AR/g0_0h/thresh1/systems/2009050100_2010043023/lpt_system_mask_AR.lptid00112.3000.nc,2009-10-21T04:00:00,0.87841004
161,/home/disk/orca/csmall3/AR_testing_research/LPT_ARs/hourly_res/5N_5S_AR_outputs/data/AR/g0_0h/thresh1/systems/2009050100_2010043023/lpt_system_mask_AR.lptid00112.5000.nc,2009-10-21T04:00:00,0.87841004
162,/home/disk/orca/csmall3/AR_testing_research/LPT_ARs/hourly_res/5N_5S_AR_outputs/data/AR/g0_0h/thresh1/systems/2009050100_2010043023/lpt_system_mask_AR.lptid00112.6000.nc,2009-10-21T04:00:00,0.87841004
163,/home/disk/orca/csmall3/AR_testing_research/LPT_ARs/hourly_res/5N_5S_AR_outputs/data/AR/g0_0h/thresh1/systems/2009050100_2010043023/lpt_system_mask_AR.lptid00112.7000.nc,2009-10-21T04:00:00,0.87841004
164,/home/disk/orca/csmall3/AR_testing_research/LPT_ARs/hourly_res/5N_5S_AR_outputs/data/AR/g0_0h/thresh1/systems/2009050100_2010043023/lpt_system_mask_AR.lptid00112.8000.nc,2009-10-21T04:00:00,0.87841004
165,/home/disk/orca/csmall3/AR_testing_research/LPT_ARs/hourly_res/5N_5S_AR_outputs/data/AR/g0_0h/thresh1/systems/2009050100_2010043023/lpt_system_mask_AR.lptid00140.1000.nc,2009-11-15T02:00:00,1.1305655
166,/home/disk/orca/csmall3/AR_testing_research/LPT_ARs/hourly_res/5N_5S_AR_outputs/data/AR/g0_0h/thresh1/systems/2009050100_2010043023/lpt_system_mask_AR.lptid00144.1000.nc,2009-11-19T04:00:00,1.0828861
167,/home/disk/orca/csmall3/AR_testing_research/LPT_ARs/hourly_res/5N_5S_AR_outputs/data/AR/g0_0h/thresh1/systems/2009050100_2010043023/lpt_system_mask_AR.lptid00150.1000.nc,2009-11-19T10:00:00,1.0112308
168,/home/disk/orca/csmall3/AR_testing_research/LPT_ARs/hourly_res/5N_5S_AR_outputs/data/AR/g0_0h/thresh1/systems/2009050100_2010043023/lpt_system_mask_AR.lptid00155.1000.nc,2009-11-28T14:00:00,0.68301445
169,/home/disk/orca/csmall3/AR_testing_research/LPT_ARs/hourly_res/5N_5S_AR_outputs/data/AR/g0_0h/thresh1/systems/2009050100_2010043023/lpt_system_mask_AR.lptid00160.1000.nc,2009-12-15T01:00:00,1.2407311
170,/home/disk/orca/csmall3/AR_testing_research/LPT_ARs/hourly_res/5N_5S_AR_outputs/data/AR/g0_0h/thresh1/systems/2009050100_2010043023/lpt_system_mask_AR.lptid00166.1000.nc,2009-12-17T20:00:00,0.7526122
171,/home/disk/orca/csmall3/AR_testing_research/LPT_ARs/hourly_res/5N_5S_AR_outputs/data/AR/g0_0h/thresh1/systems/2009050100_2010043023/lpt_system_mask_AR.lptid00181.1000.nc,2009-12-31T14:00:00,3.8444188
172,/home/disk/orca/csmall3/AR_testing_research/LPT_ARs/hourly_res/5N_5S_AR_outputs/data/AR/g0_0h/thresh1/systems/2009050100_2010043023/lpt_system_mask_AR.lptid00181.2000.nc,2009-12-31T20:00:00,3.8444188
173,/home/disk/orca/csmall3/AR_testing_research/LPT_ARs/hourly_res/5N_5S_AR_outputs/data/AR/g0_0h/thresh1/systems/2009050100_2010043023/lpt_system_mask_AR.lptid00181.3000.nc,2009-12-31T14:00:00,3.8444188
174,/home/disk/orca/csmall3/AR_testing_research/LPT_ARs/hourly_res/5N_5S_AR_outputs/data/AR/g0_0h/thresh1/systems/2009050100_2010043023/lpt_system_mask_AR.lptid00181.4000.nc,2010-01-05T14:00:00,1.0917171
175,/home/disk/orca/csmall3/AR_testing_research/LPT_ARs/hourly_res/5N_5S_AR_outputs/data/AR/g0_0h/thresh1/systems/2009050100_2010043023/lpt_system_mask_AR.lptid00201.1000.nc,2010-01-24T20:00:00,1.4147675
176,/home/disk/orca/csmall3/AR_testing_research/LPT_ARs/hourly_res/5N_5S_AR_outputs/data/AR/g0_0h/thresh1/systems/2009050100_2010043023/lpt_system_mask_AR.lptid00207.1000.nc,2010-02-05T00:00:00,2.1154578
177,/home/disk/orca/csmall3/AR_testing_research/LPT_ARs/hourly_res/5N_5S_AR_outputs/data/AR/g0_0h/thresh1/systems/2009050100_2010043023/lpt_system_mask_AR.lptid00215.1000.nc,2010-02-11T11:00:00,1.7266116
178,/home/disk/orca/csmall3/AR_testing_research/LPT_ARs/hourly_res/5N_5S_AR_outputs/data/AR/g0_0h/thresh1/systems/2009050100_2010043023/lpt_system_mask_AR.lptid00217.1000.nc,2010-02-13T15:00:00,1.1717604
179,/home/disk/orca/csmall3/AR_testing_research/LPT_ARs/hourly_res/5N_5S_AR_outputs/data/AR/g0_0h/thresh1/systems/2009050100_2010043023/lpt_system_mask_AR.lptid00223.1000.nc,2010-02-23T21:00:00,1.034456
180,/home/disk/orca/csmall3/AR_testing_research/LPT_ARs/hourly_res/5N_5S_AR_outputs/data/AR/g0_0h/thresh1/systems/2009050100_2010043023/lpt_system_mask_AR.lptid00235.2000.nc,2010-03-15T23:00:00,0.4742023
181,/home/disk/orca/csmall3/AR_testing_research/LPT_ARs/hourly_res/5N_5S_AR_outputs/data/AR/g0_0h/thresh1/systems/2010050100_2011043023/lpt_system_mask_AR.lptid00004.0300.nc,2010-07-10T06:00:00,0.62289137
182,/home/disk/orca/csmall3/AR_testing_research/LPT_ARs/hourly_res/5N_5S_AR_outputs/data/AR/g0_0h/thresh1/systems/2010050100_2011043023/lpt_system_mask_AR.lptid00078.0800.nc,2010-08-31T12:00:00,0.49268925
183,/home/disk/orca/csmall3/AR_testing_research/LPT_ARs/hourly_res/5N_5S_AR_outputs/data/AR/g0_0h/thresh1/systems/2010050100_2011043023/lpt_system_mask_AR.lptid00078.1300.nc,2010-08-31T12:00:00,0.49268925
184,/home/disk/orca/csmall3/AR_testing_research/LPT_ARs/hourly_res/5N_5S_AR_outputs/data/AR/g0_0h/thresh1/systems/2010050100_2011043023/lpt_system_mask_AR.lptid00100.1000.nc,2010-09-24T12:00:00,1.1399282
185,/home/disk/orca/csmall3/AR_testing_research/LPT_ARs/hourly_res/5N_5S_AR_outputs/data/AR/g0_0h/thresh1/systems/2010050100_2011043023/lpt_system_mask_AR.lptid00107.1000.nc,2010-10-08T06:00:00,1.0820043
186,/home/disk/orca/csmall3/AR_testing_research/LPT_ARs/hourly_res/5N_5S_AR_outputs/data/AR/g0_0h/thresh1/systems/2010050100_2011043023/lpt_system_mask_AR.lptid00117.1000.nc,2010-10-18T15:00:00,1.3666686
187,/home/disk/orca/csmall3/AR_testing_research/LPT_ARs/hourly_res/5N_5S_AR_outputs/data/AR/g0_0h/thresh1/systems/2010050100_2011043023/lpt_system_mask_AR.lptid00138.1000.nc,2010-11-06T16:00:00,1.6749436
188,/home/disk/orca/csmall3/AR_testing_research/LPT_ARs/hourly_res/5N_5S_AR_outputs/data/AR/g0_0h/thresh1/systems/2010050100_2011043023/lpt_system_mask_AR.lptid00163.1000.nc,2010-11-29T21:00:00,1.2549711
189,/home/disk/orca/csmall3/AR_testing_research/LPT_ARs/hourly_res/5N_5S_AR_outputs/data/AR/g0_0h/thresh1/systems/2010050100_2011043023/lpt_system_mask_AR.lptid00170.1000.nc,2010-12-07T03:00:00,1.6704227
190,/home/disk/orca/csmall3/AR_testing_research/LPT_ARs/hourly_res/5N_5S_AR_outputs/data/AR/g0_0h/thresh1/systems/2010050100_2011043023/lpt_system_mask_AR.lptid00181.1000.nc,2010-12-14T06:00:00,1.7393082
191,/home/disk/orca/csmall3/AR_testing_research/LPT_ARs/hourly_res/5N_5S_AR_outputs/data/AR/g0_0h/thresh1/systems/2010050100_2011043023/lpt_system_mask_AR.lptid00189.1000.nc,2010-12-24T10:00:00,1.6280241
192,/home/disk/orca/csmall3/AR_testing_research/LPT_ARs/hourly_res/5N_5S_AR_outputs/data/AR/g0_0h/thresh1/systems/2010050100_2011043023/lpt_system_mask_AR.lptid00192.1000.nc,2011-01-05T10:00:00,1.0318546
193,/home/disk/orca/csmall3/AR_testing_research/LPT_ARs/hourly_res/5N_5S_AR_outputs/data/AR/g0_0h/thresh1/systems/2010050100_2011043023/lpt_system_mask_AR.lptid00208.1000.nc,2011-02-03T10:00:00,1.3232386
194,/home/disk/orca/csmall3/AR_testing_research/LPT_ARs/hourly_res/5N_5S_AR_outputs/data/AR/g0_0h/thresh1/systems/2010050100_2011043023/lpt_system_mask_AR.lptid00242.1000.nc,2011-03-15T07:00:00,1.3783039
195,/home/disk/orca/csmall3/AR_testing_research/LPT_ARs/hourly_res/5N_5S_AR_outputs/data/AR/g0_0h/thresh1/systems/2010050100_2011043023/lpt_system_mask_AR.lptid00259.1000.nc,2011-03-29T19:00:00,1.5983015
196,/home/disk/orca/csmall3/AR_testing_research/LPT_ARs/hourly_res/5N_5S_AR_outputs/data/AR/g0_0h/thresh1/systems/2010050100_2011043023/lpt_system_mask_AR.lptid00272.2000.nc,2011-04-10T10:00:00,0.3528834
197,/home/disk/orca/csmall3/AR_testing_research/LPT_ARs/hourly_res/5N_5S_AR_outputs/data/AR/g0_0h/thresh1/systems/2010050100_2011043023/lpt_system_mask_AR.lptid00280.1000.nc,2011-04-15T18:00:00,0.9584602
198,/home/disk/orca/csmall3/AR_testing_research/LPT_ARs/hourly_res/5N_5S_AR_outputs/data/AR/g0_0h/thresh1/systems/2011050100_2012043023/lpt_system_mask_AR.lptid00022.2700.nc,2011-08-22T01:00:00,0.31760347
199,/home/disk/orca/csmall3/AR_testing_research/LPT_ARs/hourly_res/5N_5S_AR_outputs/data/AR/g0_0h/thresh1/systems/2011050100_2012043023/lpt_system_mask_AR.lptid00022.3300.nc,2011-08-22T01:00:00,0.31760347
200,/home/disk/orca/csmall3/AR_testing_research/LPT_ARs/hourly_res/5N_5S_AR_outputs/data/AR/g0_0h/thresh1/systems/2011050100_2012043023/lpt_system_mask_AR.lptid00114.1000.nc,2011-10-17T08:00:00,0.7657696
201,/home/disk/orca/csmall3/AR_testing_research/LPT_ARs/hourly_res/5N_5S_AR_outputs/data/AR/g0_0h/thresh1/systems/2011050100_2012043023/lpt_system_mask_AR.lptid00115.1000.nc,2011-10-21T10:00:00,0.636925
202,/home/disk/orca/csmall3/AR_testing_research/LPT_ARs/hourly_res/5N_5S_AR_outputs/data/AR/g0_0h/thresh1/systems/2011050100_2012043023/lpt_system_mask_AR.lptid00125.1000.nc,2011-10-28T13:00:00,0.5291199
203,/home/disk/orca/csmall3/AR_testing_research/LPT_ARs/hourly_res/5N_5S_AR_outputs/data/AR/g0_0h/thresh1/systems/2011050100_2012043023/lpt_system_mask_AR.lptid00137.1000.nc,2011-11-09T10:00:00,0.5681683
204,/home/disk/orca/csmall3/AR_testing_research/LPT_ARs/hourly_res/5N_5S_AR_outputs/data/AR/g0_0h/thresh1/systems/2011050100_2012043023/lpt_system_mask_AR.lptid00149.1000.nc,2011-11-22T15:00:00,1.5963017
205,/home/disk/orca/csmall3/AR_testing_research/LPT_ARs/hourly_res/5N_5S_AR_outputs/data/AR/g0_0h/thresh1/systems/2011050100_2012043023/lpt_system_mask_AR.lptid00166.1000.nc,2011-12-16T02:00:00,0.6760388
206,/home/disk/orca/csmall3/AR_testing_research/LPT_ARs/hourly_res/5N_5S_AR_outputs/data/AR/g0_0h/thresh1/systems/2011050100_2012043023/lpt_system_mask_AR.lptid00166.2000.nc,2011-12-24T06:00:00,0.57031876
207,/home/disk/orca/csmall3/AR_testing_research/LPT_ARs/hourly_res/5N_5S_AR_outputs/data/AR/g0_0h/thresh1/systems/2011050100_2012043023/lpt_system_mask_AR.lptid00178.1000.nc,2011-12-27T15:00:00,3.1155746
208,/home/disk/orca/csmall3/AR_testing_research/LPT_ARs/hourly_res/5N_5S_AR_outputs/data/AR/g0_0h/thresh1/systems/2011050100_2012043023/lpt_system_mask_AR.lptid00178.2000.nc,2011-12-27T15:00:00,3.1155746
209,/home/disk/orca/csmall3/AR_testing_research/LPT_ARs/hourly_res/5N_5S_AR_outputs/data/AR/g0_0h/thresh1/systems/2011050100_2012043023/lpt_system_mask_AR.lptid00189.1000.nc,2012-01-07T22:00:00,0.95441073
210,/home/disk/orca/csmall3/AR_testing_research/LPT_ARs/hourly_res/5N_5S_AR_outputs/data/AR/g0_0h/thresh1/systems/2011050100_2012043023/lpt_system_mask_AR.lptid00196.1000.nc,2012-01-18T14:00:00,2.5184343
211,/home/disk/orca/csmall3/AR_testing_research/LPT_ARs/hourly_res/5N_5S_AR_outputs/data/AR/g0_0h/thresh1/systems/2011050100_2012043023/lpt_system_mask_AR.lptid00204.1000.nc,2012-01-24T13:00:00,2.1830006
212,/home/disk/orca/csmall3/AR_testing_research/LPT_ARs/hourly_res/5N_5S_AR_outputs/data/AR/g0_0h/thresh1/systems/2011050100_2012043023/lpt_system_mask_AR.lptid00210.1000.nc,2012-01-29T03:00:00,1.5696039
213,/home/disk/orca/csmall3/AR_testing_research/LPT_ARs/hourly_res/5N_5S_AR_outputs/data/AR/g0_0h/thresh1/systems/2011050100_2012043023/lpt_system_mask_AR.lptid00218.1000.nc,2012-02-09T10:00:00,0.8398595
214,/home/disk/orca/csmall3/AR_testing_research/LPT_ARs/hourly_res/5N_5S_AR_outputs/data/AR/g0_0h/thresh1/systems/2011050100_2012043023/lpt_system_mask_AR.lptid00223.1000.nc,2012-02-20T18:00:00,1.1717895
215,/home/disk/orca/csmall3/AR_testing_research/LPT_ARs/hourly_res/5N_5S_AR_outputs/data/AR/g0_0h/thresh1/systems/2011050100_2012043023/lpt_system_mask_AR.lptid00253.1000.nc,2012-03-29T21:00:00,1.4354763
216,/home/disk/orca/csmall3/AR_testing_research/LPT_ARs/hourly_res/5N_5S_AR_outputs/data/AR/g0_0h/thresh1/systems/2011050100_2012043023/lpt_system_mask_AR.lptid00253.2000.nc,2012-03-29T21:00:00,1.4354763
217,/home/disk/orca/csmall3/AR_testing_research/LPT_ARs/hourly_res/5N_5S_AR_outputs/data/AR/g0_0h/thresh1/systems/2012050100_2013043023/lpt_system_mask_AR.lptid00002.0400.nc,2012-05-20T11:00:00,0.9217159
218,/home/disk/orca/csmall3/AR_testing_research/LPT_ARs/hourly_res/5N_5S_AR_outputs/data/AR/g0_0h/thresh1/systems/2012050100_2013043023/lpt_system_mask_AR.lptid00112.1000.nc,2012-10-12T22:00:00,1.4845858
219,/home/disk/orca/csmall3/AR_testing_research/LPT_ARs/hourly_res/5N_5S_AR_outputs/data/AR/g0_0h/thresh1/systems/2012050100_2013043023/lpt_system_mask_AR.lptid00131.1000.nc,2012-10-27T09:00:00,1.3170025
220,/home/disk/orca/csmall3/AR_testing_research/LPT_ARs/hourly_res/5N_5S_AR_outputs/data/AR/g0_0h/thresh1/systems/2012050100_2013043023/lpt_system_mask_AR.lptid00131.2000.nc,2012-10-30T01:00:00,1.3170025
221,/home/disk/orca/csmall3/AR_testing_research/LPT_ARs/hourly_res/5N_5S_AR_outputs/data/AR/g0_0h/thresh1/systems/2012050100_2013043023/lpt_system_mask_AR.lptid00155.1000.nc,2012-11-19T00:00:00,2.7974148
222,/home/disk/orca/csmall3/AR_testing_research/LPT_ARs/hourly_res/5N_5S_AR_outputs/data/AR/g0_0h/thresh1/systems/2012050100_2013043023/lpt_system_mask_AR.lptid00159.1000.nc,2012-11-23T02:00:00,0.9122824
223,/home/disk/orca/csmall3/AR_testing_research/LPT_ARs/hourly_res/5N_5S_AR_outputs/data/AR/g0_0h/thresh1/systems/2012050100_2013043023/lpt_system_mask_AR.lptid00198.1000.nc,2013-01-07T01:00:00,1.1131147
224,/home/disk/orca/csmall3/AR_testing_research/LPT_ARs/hourly_res/5N_5S_AR_outputs/data/AR/g0_0h/thresh1/systems/2012050100_2013043023/lpt_system_mask_AR.lptid00215.1000.nc,2013-01-24T23:00:00,1.7272412
225,/home/disk/orca/csmall3/AR_testing_research/LPT_ARs/hourly_res/5N_5S_AR_outputs/data/AR/g0_0h/thresh1/systems/2012050100_2013043023/lpt_system_mask_AR.lptid00220.1000.nc,2013-01-29T08:00:00,0.9032923
226,/home/disk/orca/csmall3/AR_testing_research/LPT_ARs/hourly_res/5N_5S_AR_outputs/data/AR/g0_0h/thresh1/systems/2012050100_2013043023/lpt_system_mask_AR.lptid00232.1000.nc,2013-02-14T12:00:00,0.46900007
227,/home/disk/orca/csmall3/AR_testing_research/LPT_ARs/hourly_res/5N_5S_AR_outputs/data/AR/g0_0h/thresh1/systems/2012050100_2013043023/lpt_system_mask_AR.lptid00240.1000.nc,2013-02-22T13:00:00,0.9574338
228,/home/disk/orca/csmall3/AR_testing_research/LPT_ARs/hourly_res/5N_5S_AR_outputs/data/AR/g0_0h/thresh1/systems/2012050100_2013043023/lpt_system_mask_AR.lptid00251.1000.nc,2013-03-12T01:00:00,1.0356317
229,/home/disk/orca/csmall3/AR_testing_research/LPT_ARs/hourly_res/5N_5S_AR_outputs/data/AR/g0_0h/thresh1/systems/2012050100_2013043023/lpt_system_mask_AR.lptid00267.1000.nc,2013-04-05T21:00:00,0.78283536
230,/home/disk/orca/csmall3/AR_testing_research/LPT_ARs/hourly_res/5N_5S_AR_outputs/data/AR/g0_0h/thresh1/systems/2012050100_2013043023/lpt_system_mask_AR.lptid00273.1000.nc,2013-04-04T09:00:00,0.78283536
231,/home/disk/orca/csmall3/AR_testing_research/LPT_ARs/hourly_res/5N_5S_AR_outputs/data/AR/g0_0h/thresh1/systems/2012050100_2013043023/lpt_system_mask_AR.lptid00282.1000.nc,2013-04-18T21:00:00,0.8804269
232,/home/disk/orca/csmall3/AR_testing_research/LPT_ARs/hourly_res/5N_5S_AR_outputs/data/AR/g0_0h/thresh1/systems/2012050100_2013043023/lpt_system_mask_AR.lptid00282.2000.nc,2013-04-18T21:00:00,0.8804269
233,/home/disk/orca/csmall3/AR_testing_research/LPT_ARs/hourly_res/5N_5S_AR_outputs/data/AR/g0_0h/thresh1/systems/2012050100_2013043023/lpt_system_mask_AR.lptid00291.1000.nc,2013-04-28T02:00:00,0.35688514
234,/home/disk/orca/csmall3/AR_testing_research/LPT_ARs/hourly_res/5N_5S_AR_outputs/data/AR/g0_0h/thresh1/systems/2012050100_2013043023/lpt_system_mask_AR.lptid00291.2000.nc,2013-04-27T14:00:00,0.35688514
235,/home/disk/orca/csmall3/AR_testing_research/LPT_ARs/hourly_res/5N_5S_AR_outputs/data/AR/g0_0h/thresh1/systems/2013050100_2014043023/lpt_system_mask_AR.lptid00001.0100.nc,2013-05-27T11:00:00,0.96632403
236,/home/disk/orca/csmall3/AR_testing_research/LPT_ARs/hourly_res/5N_5S_AR_outputs/data/AR/g0_0h/thresh1/systems/2013050100_2014043023/lpt_system_mask_AR.lptid00130.1000.nc,2013-11-06T23:00:00,0.5975211
237,/home/disk/orca/csmall3/AR_testing_research/LPT_ARs/hourly_res/5N_5S_AR_outputs/data/AR/g0_0h/thresh1/systems/2013050100_2014043023/lpt_system_mask_AR.lptid00146.1000.nc,2013-11-18T12:00:00,1.4972415
238,/home/disk/orca/csmall3/AR_testing_research/LPT_ARs/hourly_res/5N_5S_AR_outputs/data/AR/g0_0h/thresh1/systems/2013050100_2014043023/lpt_system_mask_AR.lptid00165.1000.nc,2013-12-20T11:00:00,0.8881812
239,/home/disk/orca/csmall3/AR_testing_research/LPT_ARs/hourly_res/5N_5S_AR_outputs/data/AR/g0_0h/thresh1/systems/2013050100_2014043023/lpt_system_mask_AR.lptid00165.2000.nc,2013-12-23T12:00:00,0.73433995
240,/home/disk/orca/csmall3/AR_testing_research/LPT_ARs/hourly_res/5N_5S_AR_outputs/data/AR/g0_0h/thresh1/systems/2013050100_2014043023/lpt_system_mask_AR.lptid00174.2000.nc,2013-12-31T12:00:00,1.4772547
241,/home/disk/orca/csmall3/AR_testing_research/LPT_ARs/hourly_res/5N_5S_AR_outputs/data/AR/g0_0h/thresh1/systems/2013050100_2014043023/lpt_system_mask_AR.lptid00181.1000.nc,2014-01-10T20:00:00,0.9897145
242,/home/disk/orca/csmall3/AR_testing_research/LPT_ARs/hourly_res/5N_5S_AR_outputs/data/AR/g0_0h/thresh1/systems/2013050100_2014043023/lpt_system_mask_AR.lptid00199.1000.nc,2014-01-28T03:00:00,1.477267
243,/home/disk/orca/csmall3/AR_testing_research/LPT_ARs/hourly_res/5N_5S_AR_outputs/data/AR/g0_0h/thresh1/systems/2013050100_2014043023/lpt_system_mask_AR.lptid00208.1000.nc,2014-02-11T21:00:00,2.0826573
244,/home/disk/orca/csmall3/AR_testing_research/LPT_ARs/hourly_res/5N_5S_AR_outputs/data/AR/g0_0h/thresh1/systems/2013050100_2014043023/lpt_system_mask_AR.lptid00215.1000.nc,2014-02-24T15:00:00,1.4811044
245,/home/disk/orca/csmall3/AR_testing_research/LPT_ARs/hourly_res/5N_5S_AR_outputs/data/AR/g0_0h/thresh1/systems/2013050100_2014043023/lpt_system_mask_AR.lptid00215.3000.nc,2014-02-24T15:00:00,1.4811044
246,/home/disk/orca/csmall3/AR_testing_research/LPT_ARs/hourly_res/5N_5S_AR_outputs/data/AR/g0_0h/thresh1/systems/2013050100_2014043023/lpt_system_mask_AR.lptid00219.1000.nc,2014-03-05T05:00:00,1.1029886
247,/home/disk/orca/csmall3/AR_testing_research/LPT_ARs/hourly_res/5N_5S_AR_outputs/data/AR/g0_0h/thresh1/systems/2013050100_2014043023/lpt_system_mask_AR.lptid00222.1000.nc,2014-03-08T10:00:00,1.1367353
248,/home/disk/orca/csmall3/AR_testing_research/LPT_ARs/hourly_res/5N_5S_AR_outputs/data/AR/g0_0h/thresh1/systems/2013050100_2014043023/lpt_system_mask_AR.lptid00254.1000.nc,2014-04-16T18:00:00,0.75589764
249,/home/disk/orca/csmall3/AR_testing_research/LPT_ARs/hourly_res/5N_5S_AR_outputs/data/AR/g0_0h/thresh1/systems/2013050100_2014043023/lpt_system_mask_AR.lptid00254.2000.nc,2014-04-16T18:00:00,0.75589764
250,/home/disk/orca/csmall3/AR_testing_research/LPT_ARs/hourly_res/5N_5S_AR_outputs/data/AR/g0_0h/thresh1/systems/2013050100_2014043023/lpt_system_mask_AR.lptid00261.1000.nc,2014-04-23T22:00:00,0.93562764
251,/home/disk/orca/csmall3/AR_testing_research/LPT_ARs/hourly_res/5N_5S_AR_outputs/data/AR/g0_0h/thresh1/systems/2014050100_2015043023/lpt_system_mask_AR.lptid00136.1000.nc,2014-10-27T21:00:00,0.98850393
252,/home/disk/orca/csmall3/AR_testing_research/LPT_ARs/hourly_res/5N_5S_AR_outputs/data/AR/g0_0h/thresh1/systems/2014050100_2015043023/lpt_system_mask_AR.lptid00140.1000.nc,2014-11-09T04:00:00,1.1879674
253,/home/disk/orca/csmall3/AR_testing_research/LPT_ARs/hourly_res/5N_5S_AR_outputs/data/AR/g0_0h/thresh1/systems/2014050100_2015043023/lpt_system_mask_AR.lptid00143.1000.nc,2014-11-02T20:00:00,1.2791929
254,/home/disk/orca/csmall3/AR_testing_research/LPT_ARs/hourly_res/5N_5S_AR_outputs/data/AR/g0_0h/thresh1/systems/2014050100_2015043023/lpt_system_mask_AR.lptid00159.1000.nc,2014-11-21T13:00:00,2.5505576
255,/home/disk/orca/csmall3/AR_testing_research/LPT_ARs/hourly_res/5N_5S_AR_outputs/data/AR/g0_0h/thresh1/systems/2014050100_2015043023/lpt_system_mask_AR.lptid00174.1000.nc,2014-12-08T17:00:00,3.04308
256,/home/disk/orca/csmall3/AR_testing_research/LPT_ARs/hourly_res/5N_5S_AR_outputs/data/AR/g0_0h/thresh1/systems/2014050100_2015043023/lpt_system_mask_AR.lptid00177.2000.nc,2014-12-20T12:00:00,2.5478272
257,/home/disk/orca/csmall3/AR_testing_research/LPT_ARs/hourly_res/5N_5S_AR_outputs/data/AR/g0_0h/thresh1/systems/2014050100_2015043023/lpt_system_mask_AR.lptid00193.1000.nc,2015-01-15T19:00:00,1.4686773
258,/home/disk/orca/csmall3/AR_testing_research/LPT_ARs/hourly_res/5N_5S_AR_outputs/data/AR/g0_0h/thresh1/systems/2014050100_2015043023/lpt_system_mask_AR.lptid00200.1000.nc,2015-01-23T02:00:00,0.9630574
259,/home/disk/orca/csmall3/AR_testing_research/LPT_ARs/hourly_res/5N_5S_AR_outputs/data/AR/g0_0h/thresh1/systems/2014050100_2015043023/lpt_system_mask_AR.lptid00204.1000.nc,2015-02-02T12:00:00,2.4760027
260,/home/disk/orca/csmall3/AR_testing_research/LPT_ARs/hourly_res/5N_5S_AR_outputs/data/AR/g0_0h/thresh1/systems/2014050100_2015043023/lpt_system_mask_AR.lptid00204.2000.nc,2015-02-01T14:00:00,2.4760027
261,/home/disk/orca/csmall3/AR_testing_research/LPT_ARs/hourly_res/5N_5S_AR_outputs/data/AR/g0_0h/thresh1/systems/2014050100_2015043023/lpt_system_mask_AR.lptid00212.1000.nc,2015-02-12T02:00:00,0.575327
262,/home/disk/orca/csmall3/AR_testing_research/LPT_ARs/hourly_res/5N_5S_AR_outputs/data/AR/g0_0h/thresh1/systems/2014050100_2015043023/lpt_system_mask_AR.lptid00225.1000.nc,2015-02-25T21:00:00,1.2131929
263,/home/disk/orca/csmall3/AR_testing_research/LPT_ARs/hourly_res/5N_5S_AR_outputs/data/AR/g0_0h/thresh1/systems/2014050100_2015043023/lpt_system_mask_AR.lptid00240.1000.nc,2015-03-11T10:00:00,1.3267562
264,/home/disk/orca/csmall3/AR_testing_research/LPT_ARs/hourly_res/5N_5S_AR_outputs/data/AR/g0_0h/thresh1/systems/2014050100_2015043023/lpt_system_mask_AR.lptid00246.1000.nc,2015-03-19T13:00:00,0.88358086
265,/home/disk/orca/csmall3/AR_testing_research/LPT_ARs/hourly_res/5N_5S_AR_outputs/data/AR/g0_0h/thresh1/systems/2015050100_2016043023/lpt_system_mask_AR.lptid00009.1700.nc,2015-08-31T04:00:00,1.2859122
266,/home/disk/orca/csmall3/AR_testing_research/LPT_ARs/hourly_res/5N_5S_AR_outputs/data/AR/g0_0h/thresh1/systems/2015050100_2016043023/lpt_system_mask_AR.lptid00100.1000.nc,2015-09-18T22:00:00,0.4365073
267,/home/disk/orca/csmall3/AR_testing_research/LPT_ARs/hourly_res/5N_5S_AR_outputs/data/AR/g0_0h/thresh1/systems/2015050100_2016043023/lpt_system_mask_AR.lptid00107.0100.nc,2015-10-06T21:00:00,2.2157066
268,/home/disk/orca/csmall3/AR_testing_research/LPT_ARs/hourly_res/5N_5S_AR_outputs/data/AR/g0_0h/thresh1/systems/2015050100_2016043023/lpt_system_mask_AR.lptid00107.0400.nc,2015-10-27T23:00:00,0.55557287
269,/home/disk/orca/csmall3/AR_testing_research/LPT_ARs/hourly_res/5N_5S_AR_outputs/data/AR/g0_0h/thresh1/systems/2015050100_2016043023/lpt_system_mask_AR.lptid00107.0500.nc,2015-10-06T21:00:00,2.2157066
270,/home/disk/orca/csmall3/AR_testing_research/LPT_ARs/hourly_res/5N_5S_AR_outputs/data/AR/g0_0h/thresh1/systems/2015050100_2016043023/lpt_system_mask_AR.lptid00107.0600.nc,2015-10-06T21:00:00,0.9747701
271,/home/disk/orca/csmall3/AR_testing_research/LPT_ARs/hourly_res/5N_5S_AR_outputs/data/AR/g0_0h/thresh1/systems/2015050100_2016043023/lpt_system_mask_AR.lptid00107.0700.nc,2015-10-30T04:00:00,1.20885
272,/home/disk/orca/csmall3/AR_testing_research/LPT_ARs/hourly_res/5N_5S_AR_outputs/data/AR/g0_0h/thresh1/systems/2015050100_2016043023/lpt_system_mask_AR.lptid00107.1000.nc,2015-10-27T23:00:00,0.55557287
273,/home/disk/orca/csmall3/AR_testing_research/LPT_ARs/hourly_res/5N_5S_AR_outputs/data/AR/g0_0h/thresh1/systems/2015050100_2016043023/lpt_system_mask_AR.lptid00107.1100.nc,2015-10-06T21:00:00,2.2157066
274,/home/disk/orca/csmall3/AR_testing_research/LPT_ARs/hourly_res/5N_5S_AR_outputs/data/AR/g0_0h/thresh1/systems/2015050100_2016043023/lpt_system_mask_AR.lptid00107.1200.nc,2015-10-06T21:00:00,0.9747701
275,/home/disk/orca/csmall3/AR_testing_research/LPT_ARs/hourly_res/5N_5S_AR_outputs/data/AR/g0_0h/thresh1/systems/2015050100_2016043023/lpt_system_mask_AR.lptid00139.1000.nc,2015-11-06T15:00:00,0.7230262
276,/home/disk/orca/csmall3/AR_testing_research/LPT_ARs/hourly_res/5N_5S_AR_outputs/data/AR/g0_0h/thresh1/systems/2015050100_2016043023/lpt_system_mask_AR.lptid00142.1000.nc,2015-11-12T20:00:00,1.5892221
277,/home/disk/orca/csmall3/AR_testing_research/LPT_ARs/hourly_res/5N_5S_AR_outputs/data/AR/g0_0h/thresh1/systems/2015050100_2016043023/lpt_system_mask_AR.lptid00153.1000.nc,2015-11-16T22:00:00,1.9327055
278,/home/disk/orca/csmall3/AR_testing_research/LPT_ARs/hourly_res/5N_5S_AR_outputs/data/AR/g0_0h/thresh1/systems/2015050100_2016043023/lpt_system_mask_AR.lptid00158.1000.nc,2015-12-02T02:00:00,2.6980786
279,/home/disk/orca/csmall3/AR_testing_research/LPT_ARs/hourly_res/5N_5S_AR_outputs/data/AR/g0_0h/thresh1/systems/2015050100_2016043023/lpt_system_mask_AR.lptid00163.1000.nc,2015-12-07T03:00:00,3.1245174
280,/home/disk/orca/csmall3/AR_testing_research/LPT_ARs/hourly_res/5N_5S_AR_outputs/data/AR/g0_0h/thresh1/systems/2015050100_2016043023/lpt_system_mask_AR.lptid00163.2000.nc,2015-12-07T03:00:00,3.1245174
281,/home/disk/orca/csmall3/AR_testing_research/LPT_ARs/hourly_res/5N_5S_AR_outputs/data/AR/g0_0h/thresh1/systems/2015050100_2016043023/lpt_system_mask_AR.lptid00163.3000.nc,2015-12-12T18:00:00,1.7703723
282,/home/disk/orca/csmall3/AR_testing_research/LPT_ARs/hourly_res/5N_5S_AR_outputs/data/AR/g0_0h/thresh1/systems/2015050100_2016043023/lpt_system_mask_AR.lptid00176.1000.nc,2015-12-17T08:00:00,1.291525
283,/home/disk/orca/csmall3/AR_testing_research/LPT_ARs/hourly_res/5N_5S_AR_outputs/data/AR/g0_0h/thresh1/systems/2015050100_2016043023/lpt_system_mask_AR.lptid00196.1000.nc,2016-01-26T04:00:00,1.4255995
284,/home/disk/orca/csmall3/AR_testing_research/LPT_ARs/hourly_res/5N_5S_AR_outputs/data/AR/g0_0h/thresh1/systems/2015050100_2016043023/lpt_system_mask_AR.lptid00196.4000.nc,2016-01-26T04:00:00,1.4255995
285,/home/disk/orca/csmall3/AR_testing_research/LPT_ARs/hourly_res/5N_5S_AR_outputs/data/AR/g0_0h/thresh1/systems/2015050100_2016043023/lpt_system_mask_AR.lptid00196.5000.nc,2016-01-17T12:00:00,1.9439243
286,/home/disk/orca/csmall3/AR_testing_research/LPT_ARs/hourly_res/5N_5S_AR_outputs/data/AR/g0_0h/thresh1/systems/2015050100_2016043023/lpt_system_mask_AR.lptid00213.2000.nc,2016-02-05T14:00:00,1.2832778
287,/home/disk/orca/csmall3/AR_testing_research/LPT_ARs/hourly_res/5N_5S_AR_outputs/data/AR/g0_0h/thresh1/systems/2015050100_2016043023/lpt_system_mask_AR.lptid00218.1000.nc,2016-02-10T10:00:00,1.0116351
288,/home/disk/orca/csmall3/AR_testing_research/LPT_ARs/hourly_res/5N_5S_AR_outputs/data/AR/g0_0h/thresh1/systems/2015050100_2016043023/lpt_system_mask_AR.lptid00235.1000.nc,2016-03-01T03:00:00,1.3573753
289,/home/disk/orca/csmall3/AR_testing_research/LPT_ARs/hourly_res/5N_5S_AR_outputs/data/AR/g0_0h/thresh1/systems/2015050100_2016043023/lpt_system_mask_AR.lptid00236.1000.nc,2016-03-04T21:00:00,1.7694048
290,/home/disk/orca/csmall3/AR_testing_research/LPT_ARs/hourly_res/5N_5S_AR_outputs/data/AR/g0_0h/thresh1/systems/2015050100_2016043023/lpt_system_mask_AR.lptid00242.1000.nc,2016-03-09T17:00:00,1.662562
291,/home/disk/orca/csmall3/AR_testing_research/LPT_ARs/hourly_res/5N_5S_AR_outputs/data/AR/g0_0h/thresh1/systems/2015050100_2016043023/lpt_system_mask_AR.lptid00271.1000.nc,2016-04-06T03:00:00,1.0167787
292,/home/disk/orca/csmall3/AR_testing_research/LPT_ARs/hourly_res/5N_5S_AR_outputs/data/AR/g0_0h/thresh1/systems/2016050100_2017043023/lpt_system_mask_AR.lptid00141.1000.nc,2016-10-19T19:00:00,1.0656283
293,/home/disk/orca/csmall3/AR_testing_research/LPT_ARs/hourly_res/5N_5S_AR_outputs/data/AR/g0_0h/thresh1/systems/2016050100_2017043023/lpt_system_mask_AR.lptid00180.1000.nc,2016-12-02T10:00:00,0.5777474
294,/home/disk/orca/csmall3/AR_testing_research/LPT_ARs/hourly_res/5N_5S_AR_outputs/data/AR/g0_0h/thresh1/systems/2016050100_2017043023/lpt_system_mask_AR.lptid00217.1000.nc,2017-01-16T19:00:00,3.3530905
295,/home/disk/orca/csmall3/AR_testing_research/LPT_ARs/hourly_res/5N_5S_AR_outputs/data/AR/g0_0h/thresh1/systems/2016050100_2017043023/lpt_system_mask_AR.lptid00219.1000.nc,2017-01-08T12:00:00,5.3412476
296,/home/disk/orca/csmall3/AR_testing_research/LPT_ARs/hourly_res/5N_5S_AR_outputs/data/AR/g0_0h/thresh1/systems/2016050100_2017043023/lpt_system_mask_AR.lptid00240.1000.nc,2017-02-14T17:00:00,3.5056694
297,/home/disk/orca/csmall3/AR_testing_research/LPT_ARs/hourly_res/5N_5S_AR_outputs/data/AR/g0_0h/thresh1/systems/2016050100_2017043023/lpt_system_mask_AR.lptid00260.1000.nc,2017-03-12T17:00:00,1.857517
298,/home/disk/orca/csmall3/AR_testing_research/LPT_ARs/hourly_res/5N_5S_AR_outputs/data/AR/g0_0h/thresh1/systems/2016050100_2017043023/lpt_system_mask_AR.lptid00260.3000.nc,2017-03-28T11:00:00,1.194775
299,/home/disk/orca/csmall3/AR_testing_research/LPT_ARs/hourly_res/5N_5S_AR_outputs/data/AR/g0_0h/thresh1/systems/2016050100_2017043023/lpt_system_mask_AR.lptid00260.4000.nc,2017-03-14T09:00:00,1.857517
300,/home/disk/orca/csmall3/AR_testing_research/LPT_ARs/hourly_res/5N_5S_AR_outputs/data/AR/g0_0h/thresh1/systems/2016050100_2017043023/lpt_system_mask_AR.lptid00260.5000.nc,2017-03-14T09:00:00,1.857517
301,/home/disk/orca/csmall3/AR_testing_research/LPT_ARs/hourly_res/5N_5S_AR_outputs/data/AR/g0_0h/thresh1/systems/2016050100_2017043023/lpt_system_mask_AR.lptid00260.6000.nc,2017-03-28T11:00:00,1.194775
302,/home/disk/orca/csmall3/AR_testing_research/LPT_ARs/hourly_res/5N_5S_AR_outputs/data/AR/g0_0h/thresh1/systems/2016050100_2017043023/lpt_system_mask_AR.lptid00260.7000.nc,2017-03-28T11:00:00,1.194775
303,/home/disk/orca/csmall3/AR_testing_research/LPT_ARs/hourly_res/5N_5S_AR_outputs/data/AR/g0_0h/thresh1/systems/2016050100_2017043023/lpt_system_mask_AR.lptid00284.1000.nc,2017-04-04T19:00:00,2.032767
304,/home/disk/orca/csmall3/AR_testing_research/LPT_ARs/hourly_res/5N_5S_AR_outputs/data/AR/g0_0h/thresh1/systems/2017050100_2018043023/lpt_system_mask_AR.lptid00019.1600.nc,2017-09-01T16:00:00,0.6870194
305,/home/disk/orca/csmall3/AR_testing_research/LPT_ARs/hourly_res/5N_5S_AR_outputs/data/AR/g0_0h/thresh1/systems/2017050100_2018043023/lpt_system_mask_AR.lptid00119.1000.nc,2017-10-16T06:00:00,1.4566752
306,/home/disk/orca/csmall3/AR_testing_research/LPT_ARs/hourly_res/5N_5S_AR_outputs/data/AR/g0_0h/thresh1/systems/2017050100_2018043023/lpt_system_mask_AR.lptid00153.1000.nc,2017-11-20T10:00:00,1.6093253
307,/home/disk/orca/csmall3/AR_testing_research/LPT_ARs/hourly_res/5N_5S_AR_outputs/data/AR/g0_0h/thresh1/systems/2017050100_2018043023/lpt_system_mask_AR.lptid00159.1000.nc,2017-11-30T14:00:00,0.6870042
308,/home/disk/orca/csmall3/AR_testing_research/LPT_ARs/hourly_res/5N_5S_AR_outputs/data/AR/g0_0h/thresh1/systems/2017050100_2018043023/lpt_system_mask_AR.lptid00169.2000.nc,2017-12-17T01:00:00,1.2147354
309,/home/disk/orca/csmall3/AR_testing_research/LPT_ARs/hourly_res/5N_5S_AR_outputs/data/AR/g0_0h/thresh1/systems/2017050100_2018043023/lpt_system_mask_AR.lptid00180.2000.nc,2017-12-28T12:00:00,3.856727
310,/home/disk/orca/csmall3/AR_testing_research/LPT_ARs/hourly_res/5N_5S_AR_outputs/data/AR/g0_0h/thresh1/systems/2017050100_2018043023/lpt_system_mask_AR.lptid00187.1000.nc,2018-01-11T10:00:00,1.0548469
311,/home/disk/orca/csmall3/AR_testing_research/LPT_ARs/hourly_res/5N_5S_AR_outputs/data/AR/g0_0h/thresh1/systems/2017050100_2018043023/lpt_system_mask_AR.lptid00187.2000.nc,2018-01-11T10:00:00,1.0548469
312,/home/disk/orca/csmall3/AR_testing_research/LPT_ARs/hourly_res/5N_5S_AR_outputs/data/AR/g0_0h/thresh1/systems/2017050100_2018043023/lpt_system_mask_AR.lptid00187.3000.nc,2018-01-11T18:00:00,1.0548469
313,/home/disk/orca/csmall3/AR_testing_research/LPT_ARs/hourly_res/5N_5S_AR_outputs/data/AR/g0_0h/thresh1/systems/2017050100_2018043023/lpt_system_mask_AR.lptid00198.1000.nc,2018-01-23T18:00:00,1.1653619
314,/home/disk/orca/csmall3/AR_testing_research/LPT_ARs/hourly_res/5N_5S_AR_outputs/data/AR/g0_0h/thresh1/systems/2017050100_2018043023/lpt_system_mask_AR.lptid00205.1000.nc,2018-01-28T03:00:00,1.5467657
315,/home/disk/orca/csmall3/AR_testing_research/LPT_ARs/hourly_res/5N_5S_AR_outputs/data/AR/g0_0h/thresh1/systems/2017050100_2018043023/lpt_system_mask_AR.lptid00208.1000.nc,2018-02-01T10:00:00,1.7402349
316,/home/disk/orca/csmall3/AR_testing_research/LPT_ARs/hourly_res/5N_5S_AR_outputs/data/AR/g0_0h/thresh1/systems/2017050100_2018043023/lpt_system_mask_AR.lptid00239.1000.nc,2018-03-13T11:00:00,1.0395453
317,/home/disk/orca/csmall3/AR_testing_research/LPT_ARs/hourly_res/5N_5S_AR_outputs/data/AR/g0_0h/thresh1/systems/2017050100_2018043023/lpt_system_mask_AR.lptid00253.1000.nc,2018-04-04T16:00:00,2.1976478
318,/home/disk/orca/csmall3/AR_testing_research/LPT_ARs/hourly_res/5N_5S_AR_outputs/data/AR/g0_0h/thresh1/systems/2018050100_2019043023/lpt_system_mask_AR.lptid00098.1000.nc,2018-10-05T14:00:00,2.0453854
319,/home/disk/orca/csmall3/AR_testing_research/LPT_ARs/hourly_res/5N_5S_AR_outputs/data/AR/g0_0h/thresh1/systems/2018050100_2019043023/lpt_system_mask_AR.lptid00109.5000.nc,2018-10-24T22:00:00,1.3659854
320,/home/disk/orca/csmall3/AR_testing_research/LPT_ARs/hourly_res/5N_5S_AR_outputs/data/AR/g0_0h/thresh1/systems/2018050100_2019043023/lpt_system_mask_AR.lptid00128.1000.nc,2018-10-31T00:00:00,1.2257346
321,/home/disk/orca/csmall3/AR_testing_research/LPT_ARs/hourly_res/5N_5S_AR_outputs/data/AR/g0_0h/thresh1/systems/2018050100_2019043023/lpt_system_mask_AR.lptid00130.1000.nc,2018-11-03T02:00:00,0.92202
322,/home/disk/orca/csmall3/AR_testing_research/LPT_ARs/hourly_res/5N_5S_AR_outputs/data/AR/g0_0h/thresh1/systems/2018050100_2019043023/lpt_system_mask_AR.lptid00146.1000.nc,2018-11-15T14:00:00,0.5071777
323,/home/disk/orca/csmall3/AR_testing_research/LPT_ARs/hourly_res/5N_5S_AR_outputs/data/AR/g0_0h/thresh1/systems/2018050100_2019043023/lpt_system_mask_AR.lptid00152.1000.nc,2018-11-25T18:00:00,1.5672046
324,/home/disk/orca/csmall3/AR_testing_research/LPT_ARs/hourly_res/5N_5S_AR_outputs/data/AR/g0_0h/thresh1/systems/2018050100_2019043023/lpt_system_mask_AR.lptid00152.2000.nc,2018-11-25T18:00:00,1.5672046
325,/home/disk/orca/csmall3/AR_testing_research/LPT_ARs/hourly_res/5N_5S_AR_outputs/data/AR/g0_0h/thresh1/systems/2018050100_2019043023/lpt_system_mask_AR.lptid00152.3000.nc,2018-11-25T18:00:00,1.5672046
326,/home/disk/orca/csmall3/AR_testing_research/LPT_ARs/hourly_res/5N_5S_AR_outputs/data/AR/g0_0h/thresh1/systems/2018050100_2019043023/lpt_system_mask_AR.lptid00163.1000.nc,2018-12-11T10:00:00,1.5537792
327,/home/disk/orca/csmall3/AR_testing_research/LPT_ARs/hourly_res/5N_5S_AR_outputs/data/AR/g0_0h/thresh1/systems/2018050100_2019043023/lpt_system_mask_AR.lptid00169.1000.nc,2018-12-16T04:00:00,1.8208499
328,/home/disk/orca/csmall3/AR_testing_research/LPT_ARs/hourly_res/5N_5S_AR_outputs/data/AR/g0_0h/thresh1/systems/2018050100_2019043023/lpt_system_mask_AR.lptid00169.2000.nc,2018-12-17T23:00:00,1.8208499
329,/home/disk/orca/csmall3/AR_testing_research/LPT_ARs/hourly_res/5N_5S_AR_outputs/data/AR/g0_0h/thresh1/systems/2018050100_2019043023/lpt_system_mask_AR.lptid00179.1000.nc,2019-01-02T16:00:00,1.360293
330,/home/disk/orca/csmall3/AR_testing_research/LPT_ARs/hourly_res/5N_5S_AR_outputs/data/AR/g0_0h/thresh1/systems/2018050100_2019043023/lpt_system_mask_AR.lptid00179.2000.nc,2018-12-28T18:00:00,1.360293
331,/home/disk/orca/csmall3/AR_testing_research/LPT_ARs/hourly_res/5N_5S_AR_outputs/data/AR/g0_0h/thresh1/systems/2018050100_2019043023/lpt_system_mask_AR.lptid00189.1000.nc,2019-01-10T22:00:00,1.1161184
332,/home/disk/orca/csmall3/AR_testing_research/LPT_ARs/hourly_res/5N_5S_AR_outputs/data/AR/g0_0h/thresh1/systems/2018050100_2019043023/lpt_system_mask_AR.lptid00191.1000.nc,2019-01-17T03:00:00,2.394093
333,/home/disk/orca/csmall3/AR_testing_research/LPT_ARs/hourly_res/5N_5S_AR_outputs/data/AR/g0_0h/thresh1/systems/2018050100_2019043023/lpt_system_mask_AR.lptid00199.1000.nc,2019-01-22T14:00:00,1.0128658
334,/home/disk/orca/csmall3/AR_testing_research/LPT_ARs/hourly_res/5N_5S_AR_outputs/data/AR/g0_0h/thresh1/systems/2018050100_2019043023/lpt_system_mask_AR.lptid00199.2000.nc,2019-01-22T22:00:00,1.0128658
335,/home/disk/orca/csmall3/AR_testing_research/LPT_ARs/hourly_res/5N_5S_AR_outputs/data/AR/g0_0h/thresh1/systems/2018050100_2019043023/lpt_system_mask_AR.lptid00211.1000.nc,2019-02-01T04:00:00,1.5810797
336,/home/disk/orca/csmall3/AR_testing_research/LPT_ARs/hourly_res/5N_5S_AR_outputs/data/AR/g0_0h/thresh1/systems/2018050100_2019043023/lpt_system_mask_AR.lptid00235.2000.nc,2019-03-11T21:00:00,0.95239365
337,/home/disk/orca/csmall3/AR_testing_research/LPT_ARs/hourly_res/5N_5S_AR_outputs/data/AR/g0_0h/thresh1/systems/2018050100_2019043023/lpt_system_mask_AR.lptid00235.4000.nc,2019-03-11T21:00:00,0.95239365
338,/home/disk/orca/csmall3/AR_testing_research/LPT_ARs/hourly_res/5N_5S_AR_outputs/data/AR/g0_0h/thresh1/systems/2018050100_2019043023/lpt_system_mask_AR.lptid00258.1000.nc,2019-04-07T05:00:00,1.621555
339,/home/disk/orca/csmall3/AR_testing_research/LPT_ARs/hourly_res/5N_5S_AR_outputs/data/AR/g0_0h/thresh1/systems/2018050100_2019043023/lpt_system_mask_AR.lptid00268.1000.nc,2019-04-13T10:00:00,2.4338636
340,/home/disk/orca/csmall3/AR_testing_research/LPT_ARs/hourly_res/5N_5S_AR_outputs/data/AR/g0_0h/thresh1/systems/2018050100_2019043023/lpt_system_mask_AR.lptid00268.2000.nc,2019-04-13T10:00:00,2.4338636
341,/home/disk/orca/csmall3/AR_testing_research/LPT_ARs/hourly_res/5N_5S_AR_outputs/data/AR/g0_0h/thresh1/systems/2018050100_2019043023/lpt_system_mask_AR.lptid00268.3000.nc,2019-04-13T10:00:00,2.4338636
342,/home/disk/orca/csmall3/AR_testing_research/LPT_ARs/hourly_res/5N_5S_AR_outputs/data/AR/g0_0h/thresh1/systems/2018050100_2019043023/lpt_system_mask_AR.lptid00268.4000.nc,2019-04-13T10:00:00,2.4338636
343,/home/disk/orca/csmall3/AR_testing_research/LPT_ARs/hourly_res/5N_5S_AR_outputs/data/AR/g0_0h/thresh1/systems/2019050100_2020043023/lpt_system_mask_AR.lptid00129.1000.nc,2019-10-15T15:00:00,1.0661411
344,/home/disk/orca/csmall3/AR_testing_research/LPT_ARs/hourly_res/5N_5S_AR_outputs/data/AR/g0_0h/thresh1/systems/2019050100_2020043023/lpt_system_mask_AR.lptid00134.1000.nc,2019-10-22T06:00:00,1.2724361
345,/home/disk/orca/csmall3/AR_testing_research/LPT_ARs/hourly_res/5N_5S_AR_outputs/data/AR/g0_0h/thresh1/systems/2019050100_2020043023/lpt_system_mask_AR.lptid00134.2000.nc,2019-10-21T07:00:00,1.324929
346,/home/disk/orca/csmall3/AR_testing_research/LPT_ARs/hourly_res/5N_5S_AR_outputs/data/AR/g0_0h/thresh1/systems/2019050100_2020043023/lpt_system_mask_AR.lptid00140.1000.nc,2019-11-02T22:00:00,1.0230566
347,/home/disk/orca/csmall3/AR_testing_research/LPT_ARs/hourly_res/5N_5S_AR_outputs/data/AR/g0_0h/thresh1/systems/2019050100_2020043023/lpt_system_mask_AR.lptid00159.1000.nc,2019-11-23T23:00:00,0.90423524
348,/home/disk/orca/csmall3/AR_testing_research/LPT_ARs/hourly_res/5N_5S_AR_outputs/data/AR/g0_0h/thresh1/systems/2019050100_2020043023/lpt_system_mask_AR.lptid00177.1000.nc,2019-12-10T16:00:00,1.3668487
349,/home/disk/orca/csmall3/AR_testing_research/LPT_ARs/hourly_res/5N_5S_AR_outputs/data/AR/g0_0h/thresh1/systems/2019050100_2020043023/lpt_system_mask_AR.lptid00188.1000.nc,2019-12-19T20:00:00,2.3011436
350,/home/disk/orca/csmall3/AR_testing_research/LPT_ARs/hourly_res/5N_5S_AR_outputs/data/AR/g0_0h/thresh1/systems/2019050100_2020043023/lpt_system_mask_AR.lptid00201.1000.nc,2019-12-30T22:00:00,3.142129
351,/home/disk/orca/csmall3/AR_testing_research/LPT_ARs/hourly_res/5N_5S_AR_outputs/data/AR/g0_0h/thresh1/systems/2019050100_2020043023/lpt_system_mask_AR.lptid00205.1000.nc,2020-01-06T09:00:00,0.8610651
352,/home/disk/orca/csmall3/AR_testing_research/LPT_ARs/hourly_res/5N_5S_AR_outputs/data/AR/g0_0h/thresh1/systems/2019050100_2020043023/lpt_system_mask_AR.lptid00219.1000.nc,2020-01-22T17:00:00,1.524332
353,/home/disk/orca/csmall3/AR_testing_research/LPT_ARs/hourly_res/5N_5S_AR_outputs/data/AR/g0_0h/thresh1/systems/2019050100_2020043023/lpt_system_mask_AR.lptid00222.1000.nc,2020-01-27T21:00:00,2.0797288
354,/home/disk/orca/csmall3/AR_testing_research/LPT_ARs/hourly_res/5N_5S_AR_outputs/data/AR/g0_0h/thresh1/systems/2019050100_2020043023/lpt_system_mask_AR.lptid00231.1000.nc,2020-02-04T22:00:00,2.58024
355,/home/disk/orca/csmall3/AR_testing_research/LPT_ARs/hourly_res/5N_5S_AR_outputs/data/AR/g0_0h/thresh1/systems/2019050100_2020043023/lpt_system_mask_AR.lptid00251.1000.nc,2020-03-02T10:00:00,0.6148824
356,/home/disk/orca/csmall3/AR_testing_research/LPT_ARs/hourly_res/5N_5S_AR_outputs/data/AR/g0_0h/thresh1/systems/2019050100_2020043023/lpt_system_mask_AR.lptid00277.1000.nc,2020-04-22T12:00:00,0.9509372
357,/home/disk/orca/csmall3/AR_testing_research/LPT_ARs/hourly_res/5N_5S_AR_outputs/data/AR/g0_0h/thresh1/systems/2019050100_2020043023/lpt_system_mask_AR.lptid00277.4000.nc,2020-04-10T13:00:00,1.7649238
358,/home/disk/orca/csmall3/AR_testing_research/LPT_ARs/hourly_res/5N_5S_AR_outputs/data/AR/g0_0h/thresh1/systems/2019050100_2020043023/lpt_system_mask_AR.lptid00296.2000.nc,2020-04-27T02:00:00,2.2307763
359,/home/disk/orca/csmall3/AR_testing_research/LPT_ARs/hourly_res/5N_5S_AR_outputs/data/AR/g0_0h/thresh1/systems/2019050100_2020043023/lpt_system_mask_AR.lptid00296.4000.nc,2020-04-27T02:00:00,2.2307763
360,/home/disk/orca/csmall3/AR_testing_research/LPT_ARs/hourly_res/5N_5S_AR_outputs/data/AR/g0_0h/thresh1/systems/2020050100_2021043023/lpt_system_mask_AR.lptid00001.0100.nc,2020-08-31T00:00:00,0.5116416
361,/home/disk/orca/csmall3/AR_testing_research/LPT_ARs/hourly_res/5N_5S_AR_outputs/data/AR/g0_0h/thresh1/systems/2020050100_2021043023/lpt_system_mask_AR.lptid00090.3000.nc,2020-09-14T15:00:00,0.699891
362,/home/disk/orca/csmall3/AR_testing_research/LPT_ARs/hourly_res/5N_5S_AR_outputs/data/AR/g0_0h/thresh1/systems/2020050100_2021043023/lpt_system_mask_AR.lptid00096.1000.nc,2020-09-22T23:00:00,1.436312
363,/home/disk/orca/csmall3/AR_testing_research/LPT_ARs/hourly_res/5N_5S_AR_outputs/data/AR/g0_0h/thresh1/systems/2020050100_2021043023/lpt_system_mask_AR.lptid00096.5000.nc,2020-09-25T05:00:00,0.7491019
364,/home/disk/orca/csmall3/AR_testing_research/LPT_ARs/hourly_res/5N_5S_AR_outputs/data/AR/g0_0h/thresh1/systems/2020050100_2021043023/lpt_system_mask_AR.lptid00121.1000.nc,2020-10-15T23:00:00,0.61440504
365,/home/disk/orca/csmall3/AR_testing_research/LPT_ARs/hourly_res/5N_5S_AR_outputs/data/AR/g0_0h/thresh1/systems/2020050100_2021043023/lpt_system_mask_AR.lptid00151.1000.nc,2020-11-13T05:00:00,2.3007207
366,/home/disk/orca/csmall3/AR_testing_research/LPT_ARs/hourly_res/5N_5S_AR_outputs/data/AR/g0_0h/thresh1/systems/2020050100_2021043023/lpt_system_mask_AR.lptid00173.1000.nc,2020-12-15T09:00:00,1.1383072
367,/home/disk/orca/csmall3/AR_testing_research/LPT_ARs/hourly_res/5N_5S_AR_outputs/data/AR/g0_0h/thresh1/systems/2020050100_2021043023/lpt_system_mask_AR.lptid00180.1000.nc,2020-12-19T21:00:00,1.5381801
368,/home/disk/orca/csmall3/AR_testing_research/LPT_ARs/hourly_res/5N_5S_AR_outputs/data/AR/g0_0h/thresh1/systems/2020050100_2021043023/lpt_system_mask_AR.lptid00227.1000.nc,2021-02-21T09:00:00,1.114542
369,/home/disk/orca/csmall3/AR_testing_research/LPT_ARs/hourly_res/5N_5S_AR_outputs/data/AR/g0_0h/thresh1/systems/2020050100_2021043023/lpt_system_mask_AR.lptid00286.1000.nc,2021-04-28T19:00:00,1.3568244
370,/home/disk/orca/csmall3/AR_testing_research/LPT_ARs/hourly_res/5N_5S_AR_outputs/data/AR/g0_0h/thresh1/systems/2021050100_2022043023/lpt_system_mask_AR.lptid00005.0300.nc,2021-06-19T09:00:00,1.9064256
371,/home/disk/orca/csmall3/AR_testing_research/LPT_ARs/hourly_res/5N_5S_AR_outputs/data/AR/g0_0h/thresh1/systems/2021050100_2022043023/lpt_system_mask_AR.lptid00144.1000.nc,2021-11-02T14:00:00,1.5091809
372,/home/disk/orca/csmall3/AR_testing_research/LPT_ARs/hourly_res/5N_5S_AR_outputs/data/AR/g0_0h/thresh1/systems/2021050100_2022043023/lpt_system_mask_AR.lptid00146.1000.nc,2021-11-11T01:00:00,1.8767703
373,/home/disk/orca/csmall3/AR_testing_research/LPT_ARs/hourly_res/5N_5S_AR_outputs/data/AR/g0_0h/thresh1/systems/2021050100_2022043023/lpt_system_mask_AR.lptid00146.2000.nc,2021-11-11T13:00:00,1.8767703
374,/home/disk/orca/csmall3/AR_testing_research/LPT_ARs/hourly_res/5N_5S_AR_outputs/data/AR/g0_0h/thresh1/systems/2021050100_2022043023/lpt_system_mask_AR.lptid00162.1000.nc,2021-11-25T17:00:00,1.3971438
375,/home/disk/orca/csmall3/AR_testing_research/LPT_ARs/hourly_res/5N_5S_AR_outputs/data/AR/g0_0h/thresh1/systems/2021050100_2022043023/lpt_system_mask_AR.lptid00162.2000.nc,2021-11-24T23:00:00,1.3971438
376,/home/disk/orca/csmall3/AR_testing_research/LPT_ARs/hourly_res/5N_5S_AR_outputs/data/AR/g0_0h/thresh1/systems/2021050100_2022043023/lpt_system_mask_AR.lptid00183.1000.nc,2021-12-11T08:00:00,1.7174278
377,/home/disk/orca/csmall3/AR_testing_research/LPT_ARs/hourly_res/5N_5S_AR_outputs/data/AR/g0_0h/thresh1/systems/2021050100_2022043023/lpt_system_mask_AR.lptid00188.1000.nc,2021-12-18T03:00:00,2.0122616
378,/home/disk/orca/csmall3/AR_testing_research/LPT_ARs/hourly_res/5N_5S_AR_outputs/data/AR/g0_0h/thresh1/systems/2021050100_2022043023/lpt_system_mask_AR.lptid00207.1000.nc,2022-01-11T04:00:00,1.5925653
379,/home/disk/orca/csmall3/AR_testing_research/LPT_ARs/hourly_res/5N_5S_AR_outputs/data/AR/g0_0h/thresh1/systems/2021050100_2022043023/lpt_system_mask_AR.lptid00221.1000.nc,2022-01-29T22:00:00,0.62381095
380,/home/disk/orca/csmall3/AR_testing_research/LPT_ARs/hourly_res/5N_5S_AR_outputs/data/AR/g0_0h/thresh1/systems/2021050100_2022043023/lpt_system_mask_AR.lptid00227.1000.nc,2022-02-08T19:00:00,1.1653557
381,/home/disk/orca/csmall3/AR_testing_research/LPT_ARs/hourly_res/5N_5S_AR_outputs/data/AR/g0_0h/thresh1/systems/2021050100_2022043023/lpt_system_mask_AR.lptid00235.1000.nc,2022-02-26T18:00:00,2.0514534
382,/home/disk/orca/csmall3/AR_testing_research/LPT_ARs/hourly_res/5N_5S_AR_outputs/data/AR/g0_0h/thresh1/systems/2021050100_2022043023/lpt_system_mask_AR.lptid00245.1000.nc,2022-03-14T02:00:00,0.87867266
383,/home/disk/orca/csmall3/AR_testing_research/LPT_ARs/hourly_res/5N_5S_AR_outputs/data/AR/g0_0h/thresh1/systems/2021050100_2022043023/lpt_system_mask_AR.lptid00245.2000.nc,2022-03-14T02:00:00,0.87867266
384,/home/disk/orca/csmall3/AR_testing_research/LPT_ARs/hourly_res/5N_5S_AR_outputs/data/AR/g0_0h/thresh1/systems/2021050100_2022043023/lpt_system_mask_AR.lptid00245.3000.nc,2022-03-14T02:00:00,0.87867266
385,/home/disk/orca/csmall3/AR_testing_research/LPT_ARs/hourly_res/5N_5S_AR_outputs/data/AR/g0_0h/thresh1/systems/2021050100_2022043023/lpt_system_mask_AR.lptid00253.1000.nc,2022-03-21T05:00:00,0.9872048
386,/home/disk/orca/csmall3/AR_testing_research/LPT_ARs/hourly_res/5N_5S_AR_outputs/data/AR/g0_0h/thresh1/systems/2021050100_2022043023/lpt_system_mask_AR.lptid00269.2000.nc,2022-04-04T00:00:00,0.8166639
387,/home/disk/orca/csmall3/AR_testing_research/LPT_ARs/hourly_res/5N_5S_AR_outputs/data/AR/g0_0h/thresh1/systems/2000050100_2001043023/lpt_system_mask_AR.lptid00195.3000.nc,2001-02-02T11:00:00,0.6859088
388,/home/disk/orca/csmall3/AR_testing_research/LPT_ARs/hourly_res/5N_5S_AR_outputs/data/AR/g0_0h/thresh1/systems/2001050100_2002043023/lpt_system_mask_AR.lptid00029.1000.nc,2001-06-11T14:00:00,0.99625576
389,/home/disk/orca/csmall3/AR_testing_research/LPT_ARs/hourly_res/5N_5S_AR_outputs/data/AR/g0_0h/thresh1/systems/2001050100_2002043023/lpt_system_mask_AR.lptid00137.1000.nc,2001-11-11T00:00:00,1.1625727
390,/home/disk/orca/csmall3/AR_testing_research/LPT_ARs/hourly_res/5N_5S_AR_outputs/data/AR/g0_0h/thresh1/systems/2001050100_2002043023/lpt_system_mask_AR.lptid00199.1000.nc,2002-02-06T23:00:00,0.9270094
391,/home/disk/orca/csmall3/AR_testing_research/LPT_ARs/hourly_res/5N_5S_AR_outputs/data/AR/g0_0h/thresh1/systems/2003050100_2004043023/lpt_system_mask_AR.lptid00179.1000.nc,2003-12-24T02:00:00,1.007653
392,/home/disk/orca/csmall3/AR_testing_research/LPT_ARs/hourly_res/5N_5S_AR_outputs/data/AR/g0_0h/thresh1/systems/2003050100_2004043023/lpt_system_mask_AR.lptid00206.1000.nc,2004-01-26T21:00:00,1.3459212
393,/home/disk/orca/csmall3/AR_testing_research/LPT_ARs/hourly_res/5N_5S_AR_outputs/data/AR/g0_0h/thresh1/systems/2004050100_2005043023/lpt_system_mask_AR.lptid00169.1000.nc,2004-12-07T23:00:00,2.346734
394,/home/disk/orca/csmall3/AR_testing_research/LPT_ARs/hourly_res/5N_5S_AR_outputs/data/AR/g0_0h/thresh1/systems/2004050100_2005043023/lpt_system_mask_AR.lptid00208.1000.nc,2005-01-26T00:00:00,1.7710257
395,/home/disk/orca/csmall3/AR_testing_research/LPT_ARs/hourly_res/5N_5S_AR_outputs/data/AR/g0_0h/thresh1/systems/2005050100_2006043023/lpt_system_mask_AR.lptid00177.1000.nc,2005-11-28T13:00:00,1.6151854
396,/home/disk/orca/csmall3/AR_testing_research/LPT_ARs/hourly_res/5N_5S_AR_outputs/data/AR/g0_0h/thresh1/systems/2006050100_2007043023/lpt_system_mask_AR.lptid00217.1000.nc,2007-02-08T23:00:00,1.0927787
397,/home/disk/orca/csmall3/AR_testing_research/LPT_ARs/hourly_res/5N_5S_AR_outputs/data/AR/g0_0h/thresh1/systems/2007050100_2008043023/lpt_system_mask_AR.lptid00163.1000.nc,2007-12-09T20:00:00,1.8893073
398,/home/disk/orca/csmall3/AR_testing_research/LPT_ARs/hourly_res/5N_5S_AR_outputs/data/AR/g0_0h/thresh1/systems/2007050100_2008043023/lpt_system_mask_AR.lptid00174.1000.nc,2007-12-29T11:00:00,0.766055
399,/home/disk/orca/csmall3/AR_testing_research/LPT_ARs/hourly_res/5N_5S_AR_outputs/data/AR/g0_0h/thresh1/systems/2007050100_2008043023/lpt_system_mask_AR.lptid00223.1000.nc,2008-03-07T23:00:00,0.66346484
400,/home/disk/orca/csmall3/AR_testing_research/LPT_ARs/hourly_res/5N_5S_AR_outputs/data/AR/g0_0h/thresh1/systems/2008050100_2009043023/lpt_system_mask_AR.lptid00159.2000.nc,2008-11-22T01:00:00,0.41995472
401,/home/disk/orca/csmall3/AR_testing_research/LPT_ARs/hourly_res/5N_5S_AR_outputs/data/AR/g0_0h/thresh1/systems/2008050100_2009043023/lpt_system_mask_AR.lptid00159.4000.nc,2008-11-22T01:00:00,0.41995472
402,/home/disk/orca/csmall3/AR_testing_research/LPT_ARs/hourly_res/5N_5S_AR_outputs/data/AR/g0_0h/thresh1/systems/2008050100_2009043023/lpt_system_mask_AR.lptid00192.1000.nc,2008-12-20T19:00:00,0.66544497
403,/home/disk/orca/csmall3/AR_testing_research/LPT_ARs/hourly_res/5N_5S_AR_outputs/data/AR/g0_0h/thresh1/systems/2008050100_2009043023/lpt_system_mask_AR.lptid00214.1000.nc,2009-01-27T19:00:00,0.7553082
404,/home/disk/orca/csmall3/AR_testing_research/LPT_ARs/hourly_res/5N_5S_AR_outputs/data/AR/g0_0h/thresh1/systems/2008050100_2009043023/lpt_system_mask_AR.lptid00259.1000.nc,2009-03-15T10:00:00,0.9230537
405,/home/disk/orca/csmall3/AR_testing_research/LPT_ARs/hourly_res/5N_5S_AR_outputs/data/AR/g0_0h/thresh1/systems/2009050100_2010043023/lpt_system_mask_AR.lptid00251.1000.nc,2010-04-02T10:00:00,0.88108516
406,/home/disk/orca/csmall3/AR_testing_research/LPT_ARs/hourly_res/5N_5S_AR_outputs/data/AR/g0_0h/thresh1/systems/2009050100_2010043023/lpt_system_mask_AR.lptid00251.2000.nc,2010-04-02T10:00:00,0.88108516
407,/home/disk/orca/csmall3/AR_testing_research/LPT_ARs/hourly_res/5N_5S_AR_outputs/data/AR/g0_0h/thresh1/systems/2010050100_2011043023/lpt_system_mask_AR.lptid00148.1000.nc,2010-11-26T21:00:00,0.91094565
408,/home/disk/orca/csmall3/AR_testing_research/LPT_ARs/hourly_res/5N_5S_AR_outputs/data/AR/g0_0h/thresh1/systems/2010050100_2011043023/lpt_system_mask_AR.lptid00148.3000.nc,2010-11-26T21:00:00,0.91094565
409,/home/disk/orca/csmall3/AR_testing_research/LPT_ARs/hourly_res/5N_5S_AR_outputs/data/AR/g0_0h/thresh1/systems/2010050100_2011043023/lpt_system_mask_AR.lptid00184.1000.nc,2010-12-18T05:00:00,4.905527
410,/home/disk/orca/csmall3/AR_testing_research/LPT_ARs/hourly_res/5N_5S_AR_outputs/data/AR/g0_0h/thresh1/systems/2010050100_2011043023/lpt_system_mask_AR.lptid00237.1000.nc,2011-03-05T00:00:00,0.813609
411,/home/disk/orca/csmall3/AR_testing_research/LPT_ARs/hourly_res/5N_5S_AR_outputs/data/AR/g0_0h/thresh1/systems/2010050100_2011043023/lpt_system_mask_AR.lptid00239.1000.nc,2011-03-08T07:00:00,1.0066518
412,/home/disk/orca/csmall3/AR_testing_research/LPT_ARs/hourly_res/5N_5S_AR_outputs/data/AR/g0_0h/thresh1/systems/2011050100_2012043023/lpt_system_mask_AR.lptid00246.1000.nc,2012-03-20T01:00:00,1.1049541
413,/home/disk/orca/csmall3/AR_testing_research/LPT_ARs/hourly_res/5N_5S_AR_outputs/data/AR/g0_0h/thresh1/systems/2013050100_2014043023/lpt_system_mask_AR.lptid00203.1000.nc,2014-02-07T20:00:00,1.8511322
414,/home/disk/orca/csmall3/AR_testing_research/LPT_ARs/hourly_res/5N_5S_AR_outputs/data/AR/g0_0h/thresh1/systems/2013050100_2014043023/lpt_system_mask_AR.lptid00238.1000.nc,2014-04-06T00:00:00,0.32765612
415,/home/disk/orca/csmall3/AR_testing_research/LPT_ARs/hourly_res/5N_5S_AR_outputs/data/AR/g0_0h/thresh1/systems/2014050100_2015043023/lpt_system_mask_AR.lptid00177.1000.nc,2014-12-18T21:00:00,2.220806
416,/home/disk/orca/csmall3/AR_testing_research/LPT_ARs/hourly_res/5N_5S_AR_outputs/data/AR/g0_0h/thresh1/systems/2015050100_2016043023/lpt_system_mask_AR.lptid00177.1000.nc,2015-12-20T13:00:00,2.5614383
417,/home/disk/orca/csmall3/AR_testing_research/LPT_ARs/hourly_res/5N_5S_AR_outputs/data/AR/g0_0h/thresh1/systems/2015050100_2016043023/lpt_system_mask_AR.lptid00213.1000.nc,2016-02-03T13:00:00,0.57453114
418,/home/disk/orca/csmall3/AR_testing_research/LPT_ARs/hourly_res/5N_5S_AR_outputs/data/AR/g0_0h/thresh1/systems/2015050100_2016043023/lpt_system_mask_AR.lptid00243.1000.nc,2016-03-13T12:00:00,1.1000232
419,/home/disk/orca/csmall3/AR_testing_research/LPT_ARs/hourly_res/5N_5S_AR_outputs/data/AR/g0_0h/thresh1/systems/2015050100_2016043023/lpt_system_mask_AR.lptid00243.2000.nc,2016-03-13T12:00:00,1.1000232
420,/home/disk/orca/csmall3/AR_testing_research/LPT_ARs/hourly_res/5N_5S_AR_outputs/data/AR/g0_0h/thresh1/systems/2015050100_2016043023/lpt_system_mask_AR.lptid00255.1000.nc,2016-03-23T23:00:00,0.93960243
421,/home/disk/orca/csmall3/AR_testing_research/LPT_ARs/hourly_res/5N_5S_AR_outputs/data/AR/g0_0h/thresh1/systems/2016050100_2017043023/lpt_system_mask_AR.lptid00190.1000.nc,2016-12-08T08:00:00,2.439003
422,/home/disk/orca/csmall3/AR_testing_research/LPT_ARs/hourly_res/5N_5S_AR_outputs/data/AR/g0_0h/thresh1/systems/2016050100_2017043023/lpt_system_mask_AR.lptid00205.1000.nc,2016-12-27T01:00:00,0.69884205
423,/home/disk/orca/csmall3/AR_testing_research/LPT_ARs/hourly_res/5N_5S_AR_outputs/data/AR/g0_0h/thresh1/systems/2016050100_2017043023/lpt_system_mask_AR.lptid00216.1000.nc,2017-01-10T12:00:00,3.3709335
424,/home/disk/orca/csmall3/AR_testing_research/LPT_ARs/hourly_res/5N_5S_AR_outputs/data/AR/g0_0h/thresh1/systems/2016050100_2017043023/lpt_system_mask_AR.lptid00237.1000.nc,2017-02-05T12:00:00,2.725951
425,/home/disk/orca/csmall3/AR_testing_research/LPT_ARs/hourly_res/5N_5S_AR_outputs/data/AR/g0_0h/thresh1/systems/2017050100_2018043023/lpt_system_mask_AR.lptid00147.1000.nc,2017-11-15T15:00:00,1.711499
426,/home/disk/orca/csmall3/AR_testing_research/LPT_ARs/hourly_res/5N_5S_AR_outputs/data/AR/g0_0h/thresh1/systems/2018050100_2019043023/lpt_system_mask_AR.lptid00175.1000.nc,2018-12-23T01:00:00,1.5850143
427,/home/disk/orca/csmall3/AR_testing_research/LPT_ARs/hourly_res/5N_5S_AR_outputs/data/AR/g0_0h/thresh1/systems/2018050100_2019043023/lpt_system_mask_AR.lptid00222.1000.nc,2019-02-13T19:00:00,4.362341
428,/home/disk/orca/csmall3/AR_testing_research/LPT_ARs/hourly_res/5N_5S_AR_outputs/data/AR/g0_0h/thresh1/systems/2018050100_2019043023/lpt_system_mask_AR.lptid00228.1000.nc,2019-02-24T11:00:00,2.2145932
429,/home/disk/orca/csmall3/AR_testing_research/LPT_ARs/hourly_res/5N_5S_AR_outputs/data/AR/g0_0h/thresh1/systems/2018050100_2019043023/lpt_system_mask_AR.lptid00246.1000.nc,2019-03-22T12:00:00,1.0168762
430,/home/disk/orca/csmall3/AR_testing_research/LPT_ARs/hourly_res/5N_5S_AR_outputs/data/AR/g0_0h/thresh1/systems/2019050100_2020043023/lpt_system_mask_AR.lptid00172.1000.nc,2019-12-01T03:00:00,2.1366565
431,/home/disk/orca/csmall3/AR_testing_research/LPT_ARs/hourly_res/5N_5S_AR_outputs/data/AR/g0_0h/thresh1/systems/2019050100_2020043023/lpt_system_mask_AR.lptid00274.1000.nc,2020-03-30T06:00:00,1.0582184
432,/home/disk/orca/csmall3/AR_testing_research/LPT_ARs/hourly_res/5N_5S_AR_outputs/data/AR/g0_0h/thresh1/systems/2020050100_2021043023/lpt_system_mask_AR.lptid00183.1000.nc,2020-12-25T10:00:00,1.0049598
433,/home/disk/orca/csmall3/AR_testing_research/LPT_ARs/hourly_res/5N_5S_AR_outputs/data/AR/g0_0h/thresh1/systems/2020050100_2021043023/lpt_system_mask_AR.lptid00221.1000.nc,2021-02-12T17:00:00,1.2734747
434,/home/disk/orca/csmall3/AR_testing_research/LPT_ARs/hourly_res/5N_5S_AR_outputs/data/AR/g0_0h/thresh1/systems/2020050100_2021043023/lpt_system_mask_AR.lptid00222.1000.nc,2021-02-11T16:00:00,1.2734747
435,/home/disk/orca/csmall3/AR_testing_research/LPT_ARs/hourly_res/5N_5S_AR_outputs/data/AR/g0_0h/thresh1/systems/2000050100_2001043023/lpt_system_mask_AR.lptid00220.1000.nc,2001-02-24T11:00:00,2.24751
436,/home/disk/orca/csmall3/AR_testing_research/LPT_ARs/hourly_res/5N_5S_AR_outputs/data/AR/g0_0h/thresh1/systems/2001050100_2002043023/lpt_system_mask_AR.lptid00166.1000.nc,2001-12-23T09:00:00,0.8959808
437,/home/disk/orca/csmall3/AR_testing_research/LPT_ARs/hourly_res/5N_5S_AR_outputs/data/AR/g0_0h/thresh1/systems/2002050100_2003043023/lpt_system_mask_AR.lptid00236.1000.nc,2003-02-11T07:00:00,2.530979
438,/home/disk/orca/csmall3/AR_testing_research/LPT_ARs/hourly_res/5N_5S_AR_outputs/data/AR/g0_0h/thresh1/systems/2003050100_2004043023/lpt_system_mask_AR.lptid00179.2000.nc,2003-12-23T11:00:00,0.79226905
439,/home/disk/orca/csmall3/AR_testing_research/LPT_ARs/hourly_res/5N_5S_AR_outputs/data/AR/g0_0h/thresh1/systems/2003050100_2004043023/lpt_system_mask_AR.lptid00257.1000.nc,2004-03-25T12:00:00,0.63946
440,/home/disk/orca/csmall3/AR_testing_research/LPT_ARs/hourly_res/5N_5S_AR_outputs/data/AR/g0_0h/thresh1/systems/2003050100_2004043023/lpt_system_mask_AR.lptid00257.3000.nc,2004-03-25T12:00:00,0.63946
441,/home/disk/orca/csmall3/AR_testing_research/LPT_ARs/hourly_res/5N_5S_AR_outputs/data/AR/g0_0h/thresh1/systems/2004050100_2005043023/lpt_system_mask_AR.lptid00196.1000.nc,2005-01-08T07:00:00,3.8032672
442,/home/disk/orca/csmall3/AR_testing_research/LPT_ARs/hourly_res/5N_5S_AR_outputs/data/AR/g0_0h/thresh1/systems/2004050100_2005043023/lpt_system_mask_AR.lptid00227.1000.nc,2005-02-13T00:00:00,1.5104856
443,/home/disk/orca/csmall3/AR_testing_research/LPT_ARs/hourly_res/5N_5S_AR_outputs/data/AR/g0_0h/thresh1/systems/2004050100_2005043023/lpt_system_mask_AR.lptid00237.1000.nc,2005-03-01T23:00:00,1.3297246
444,/home/disk/orca/csmall3/AR_testing_research/LPT_ARs/hourly_res/5N_5S_AR_outputs/data/AR/g0_0h/thresh1/systems/2005050100_2006043023/lpt_system_mask_AR.lptid00062.1000.nc,2005-07-19T15:00:00,0.531785
445,/home/disk/orca/csmall3/AR_testing_research/LPT_ARs/hourly_res/5N_5S_AR_outputs/data/AR/g0_0h/thresh1/systems/2005050100_2006043023/lpt_system_mask_AR.lptid00256.1000.nc,2006-03-05T08:00:00,1.5260485
446,/home/disk/orca/csmall3/AR_testing_research/LPT_ARs/hourly_res/5N_5S_AR_outputs/data/AR/g0_0h/thresh1/systems/2007050100_2008043023/lpt_system_mask_AR.lptid00062.1000.nc,2007-07-20T17:00:00,0.62689316
447,/home/disk/orca/csmall3/AR_testing_research/LPT_ARs/hourly_res/5N_5S_AR_outputs/data/AR/g0_0h/thresh1/systems/2007050100_2008043023/lpt_system_mask_AR.lptid00211.1000.nc,2008-02-21T19:00:00,1.7223014
448,/home/disk/orca/csmall3/AR_testing_research/LPT_ARs/hourly_res/5N_5S_AR_outputs/data/AR/g0_0h/thresh1/systems/2007050100_2008043023/lpt_system_mask_AR.lptid00245.3000.nc,2008-03-28T20:00:00,0.4783709
449,/home/disk/orca/csmall3/AR_testing_research/LPT_ARs/hourly_res/5N_5S_AR_outputs/data/AR/g0_0h/thresh1/systems/2010050100_2011043023/lpt_system_mask_AR.lptid00068.0500.nc,2010-08-16T06:00:00,0.41377223
450,/home/disk/orca/csmall3/AR_testing_research/LPT_ARs/hourly_res/5N_5S_AR_outputs/data/AR/g0_0h/thresh1/systems/2010050100_2011043023/lpt_system_mask_AR.lptid00068.1200.nc,2010-08-16T06:00:00,0.41377223
451,/home/disk/orca/csmall3/AR_testing_research/LPT_ARs/hourly_res/5N_5S_AR_outputs/data/AR/g0_0h/thresh1/systems/2010050100_2011043023/lpt_system_mask_AR.lptid00279.1000.nc,2011-04-25T05:00:00,0.9847088
452,/home/disk/orca/csmall3/AR_testing_research/LPT_ARs/hourly_res/5N_5S_AR_outputs/data/AR/g0_0h/thresh1/systems/2011050100_2012043023/lpt_system_mask_AR.lptid00082.1000.nc,2011-09-05T12:00:00,0.9080097
453,/home/disk/orca/csmall3/AR_testing_research/LPT_ARs/hourly_res/5N_5S_AR_outputs/data/AR/g0_0h/thresh1/systems/2015050100_2016043023/lpt_system_mask_AR.lptid00054.1000.nc,2015-07-18T10:00:00,1.3854452
454,/home/disk/orca/csmall3/AR_testing_research/LPT_ARs/hourly_res/5N_5S_AR_outputs/data/AR/g0_0h/thresh1/systems/2015050100_2016043023/lpt_system_mask_AR.lptid00101.1000.nc,2015-09-21T11:00:00,0.4365073
455,/home/disk/orca/csmall3/AR_testing_research/LPT_ARs/hourly_res/5N_5S_AR_outputs/data/AR/g0_0h/thresh1/systems/2015050100_2016043023/lpt_system_mask_AR.lptid00196.2000.nc,2016-01-09T22:00:00,1.4059469
456,/home/disk/orca/csmall3/AR_testing_research/LPT_ARs/hourly_res/5N_5S_AR_outputs/data/AR/g0_0h/thresh1/systems/2016050100_2017043023/lpt_system_mask_AR.lptid00213.1000.nc,2017-01-03T18:00:00,3.5718386
457,/home/disk/orca/csmall3/AR_testing_research/LPT_ARs/hourly_res/5N_5S_AR_outputs/data/AR/g0_0h/thresh1/systems/2016050100_2017043023/lpt_system_mask_AR.lptid00217.2000.nc,2017-01-22T01:00:00,1.9223849
458,/home/disk/orca/csmall3/AR_testing_research/LPT_ARs/hourly_res/5N_5S_AR_outputs/data/AR/g0_0h/thresh1/systems/2018050100_2019043023/lpt_system_mask_AR.lptid00188.1000.nc,2019-01-06T18:00:00,1.1248856
459,/home/disk/orca/csmall3/AR_testing_research/LPT_ARs/hourly_res/5N_5S_AR_outputs/data/AR/g0_0h/thresh1/systems/2019050100_2020043023/lpt_system_mask_AR.lptid00220.1000.nc,2020-01-21T03:00:00,1.5129627
460,/home/disk/orca/csmall3/AR_testing_research/LPT_ARs/hourly_res/5N_5S_AR_outputs/data/AR/g0_0h/thresh1/systems/2020050100_2021043023/lpt_system_mask_AR.lptid00069.3000.nc,2020-08-29T22:00:00,0.5116416
461,/home/disk/orca/csmall3/AR_testing_research/LPT_ARs/hourly_res/5N_5S_AR_outputs/data/AR/g0_0h/thresh1/systems/2020050100_2021043023/lpt_system_mask_AR.lptid00173.2000.nc,2020-12-12T01:00:00,0.9049154
462,/home/disk/orca/csmall3/AR_testing_research/LPT_ARs/hourly_res/5N_5S_AR_outputs/data/AR/g0_0h/thresh1/systems/2021050100_2022043023/lpt_system_mask_AR.lptid00195.1000.nc,2021-12-21T19:00:00,2.1736174
463,/home/disk/orca/csmall3/AR_testing_research/LPT_ARs/hourly_res/5N_5S_AR_outputs/data/AR/g0_0h/thresh1/systems/2021050100_2022043023/lpt_system_mask_AR.lptid00209.1000.nc,2022-01-19T02:00:00,1.0326192
464,/home/disk/orca/csmall3/AR_testing_research/LPT_ARs/hourly_res/5N_5S_AR_outputs/data/AR/g0_0h/thresh1/systems/2021050100_2022043023/lpt_system_mask_AR.lptid00209.2000.nc,2022-01-19T03:00:00,1.0326192
465,/home/disk/orca/csmall3/AR_testing_research/LPT_ARs/hourly_res/5N_5S_AR_outputs/data/AR/g0_0h/thresh1/systems/2021050100_2022043023/lpt_system_mask_AR.lptid00269.1000.nc,2022-04-11T10:00:00,1.0249094
