,AR ID (string),Overlap Datetimes,Landfall?,Max IVT,End Season Year,AR ID (Number)
0,/home/orca/bkerns/projects/mjo_lpt_and_ar/tracking/lpt-python-public/ar.testing7.merge_split/data/ar/g0_0h/thresh1/systems/2022060100_2023063023/lpt_system_mask_ar.lptid00001.1000.nc,2022-06-04T08:00:00,True,1705.1346,2022,1.1
1,/home/orca/bkerns/projects/mjo_lpt_and_ar/tracking/lpt-python-public/ar.testing7.merge_split/data/ar/g0_0h/thresh1/systems/2022060100_2023063023/lpt_system_mask_ar.lptid00001.2000.nc,2022-06-08T03:00:00,True,1687.1355,2022,1.2
2,/home/orca/bkerns/projects/mjo_lpt_and_ar/tracking/lpt-python-public/ar.testing7.merge_split/data/ar/g0_0h/thresh1/systems/2022060100_2023063023/lpt_system_mask_ar.lptid00122.0900.nc,2022-08-27T14:00:00,True,2099.822,2022,122.09
3,/home/orca/bkerns/projects/mjo_lpt_and_ar/tracking/lpt-python-public/ar.testing7.merge_split/data/ar/g0_0h/thresh1/systems/2022060100_2023063023/lpt_system_mask_ar.lptid00122.1200.nc,2022-09-04T06:00:00,True,1319.0696,2022,122.12
4,/home/orca/bkerns/projects/mjo_lpt_and_ar/tracking/lpt-python-public/ar.testing7.merge_split/data/ar/g0_0h/thresh1/systems/2022060100_2023063023/lpt_system_mask_ar.lptid00196.1000.nc,2022-09-04T08:00:00,True,1401.6842,2022,196.1
5,/home/orca/bkerns/projects/mjo_lpt_and_ar/tracking/lpt-python-public/ar.testing7.merge_split/data/ar/g0_0h/thresh1/systems/2022060100_2023063023/lpt_system_mask_ar.lptid00213.1000.nc,2022-09-10T02:00:00,True,992.6082,2022,213.1
6,/home/orca/bkerns/projects/mjo_lpt_and_ar/tracking/lpt-python-public/ar.testing7.merge_split/data/ar/g0_0h/thresh1/systems/2022060100_2023063023/lpt_system_mask_ar.lptid00316.6000.nc,2022-11-25T04:00:00,True,958.6233,2022,316.6
7,/home/orca/bkerns/projects/mjo_lpt_and_ar/tracking/lpt-python-public/ar.testing7.merge_split/data/ar/g0_0h/thresh1/systems/2022060100_2023063023/lpt_system_mask_ar.lptid00316.7000.nc,2022-11-27T06:00:00,True,591.77234,2022,316.7
8,/home/orca/bkerns/projects/mjo_lpt_and_ar/tracking/lpt-python-public/ar.testing7.merge_split/data/ar/g0_0h/thresh1/systems/2022060100_2023063023/lpt_system_mask_ar.lptid00494.6000.nc,2023-03-02T11:00:00,True,1429.0503,2022,494.6
9,/home/orca/bkerns/projects/mjo_lpt_and_ar/tracking/lpt-python-public/ar.testing7.merge_split/data/ar/g0_0h/thresh1/systems/2022060100_2023063023/lpt_system_mask_ar.lptid00558.1000.nc,2023-03-28T00:00:00,True,666.7147,2022,558.1
10,/home/orca/bkerns/projects/mjo_lpt_and_ar/tracking/lpt-python-public/ar.testing7.merge_split/data/ar/g0_0h/thresh1/systems/2003060100_2004063023/lpt_system_mask_ar.lptid00206.2000.nc,2003-09-09T08:00:00,True,2073.5833,2003,206.2
11,/home/orca/bkerns/projects/mjo_lpt_and_ar/tracking/lpt-python-public/ar.testing7.merge_split/data/ar/g0_0h/thresh1/systems/2003060100_2004063023/lpt_system_mask_ar.lptid00206.3000.nc,2003-09-14T07:00:00,True,2007.6184,2003,206.3
12,/home/orca/bkerns/projects/mjo_lpt_and_ar/tracking/lpt-python-public/ar.testing7.merge_split/data/ar/g0_0h/thresh1/systems/2003060100_2004063023/lpt_system_mask_ar.lptid00206.5000.nc,2003-09-16T23:00:00,True,540.08636,2003,206.5
13,/home/orca/bkerns/projects/mjo_lpt_and_ar/tracking/lpt-python-public/ar.testing7.merge_split/data/ar/g0_0h/thresh1/systems/2003060100_2004063023/lpt_system_mask_ar.lptid00206.7000.nc,2003-09-19T13:00:00,True,1177.1028,2003,206.7
14,/home/orca/bkerns/projects/mjo_lpt_and_ar/tracking/lpt-python-public/ar.testing7.merge_split/data/ar/g0_0h/thresh1/systems/2004060100_2005063023/lpt_system_mask_ar.lptid00730.1000.nc,2005-06-16T09:00:00,True,2107.8103,2004,730.1
15,/home/orca/bkerns/projects/mjo_lpt_and_ar/tracking/lpt-python-public/ar.testing7.merge_split/data/ar/g0_0h/thresh1/systems/2004060100_2005063023/lpt_system_mask_ar.lptid00730.2000.nc,2005-06-16T16:00:00,True,659.67053,2004,730.2
16,/home/orca/bkerns/projects/mjo_lpt_and_ar/tracking/lpt-python-public/ar.testing7.merge_split/data/ar/g0_0h/thresh1/systems/2000060100_2001063023/lpt_system_mask_ar.lptid00004.1000.nc,2000-06-05T10:00:00,True,924.9309,2000,4.1
17,/home/orca/bkerns/projects/mjo_lpt_and_ar/tracking/lpt-python-public/ar.testing7.merge_split/data/ar/g0_0h/thresh1/systems/2000060100_2001063023/lpt_system_mask_ar.lptid00077.7000.nc,2000-07-28T00:00:00,True,1691.7664,2000,77.7
18,/home/orca/bkerns/projects/mjo_lpt_and_ar/tracking/lpt-python-public/ar.testing7.merge_split/data/ar/g0_0h/thresh1/systems/2000060100_2001063023/lpt_system_mask_ar.lptid00172.4000.nc,2000-08-17T19:00:00,True,712.4088,2000,172.4
19,/home/orca/bkerns/projects/mjo_lpt_and_ar/tracking/lpt-python-public/ar.testing7.merge_split/data/ar/g0_0h/thresh1/systems/2000060100_2001063023/lpt_system_mask_ar.lptid00191.0300.nc,2000-08-29T09:00:00,True,1820.1746,2000,191.03
20,/home/orca/bkerns/projects/mjo_lpt_and_ar/tracking/lpt-python-public/ar.testing7.merge_split/data/ar/g0_0h/thresh1/systems/2000060100_2001063023/lpt_system_mask_ar.lptid00191.0700.nc,2000-09-05T23:00:00,True,1539.51,2000,191.07
21,/home/orca/bkerns/projects/mjo_lpt_and_ar/tracking/lpt-python-public/ar.testing7.merge_split/data/ar/g0_0h/thresh1/systems/2000060100_2001063023/lpt_system_mask_ar.lptid00324.0400.nc,2000-10-28T04:00:00,True,1222.3932,2000,324.04
22,/home/orca/bkerns/projects/mjo_lpt_and_ar/tracking/lpt-python-public/ar.testing7.merge_split/data/ar/g0_0h/thresh1/systems/2000060100_2001063023/lpt_system_mask_ar.lptid00324.0500.nc,2000-11-02T15:00:00,True,1794.0442,2000,324.05
23,/home/orca/bkerns/projects/mjo_lpt_and_ar/tracking/lpt-python-public/ar.testing7.merge_split/data/ar/g0_0h/thresh1/systems/2000060100_2001063023/lpt_system_mask_ar.lptid00458.8000.nc,2001-01-09T16:00:00,True,1868.1846,2000,458.8
24,/home/orca/bkerns/projects/mjo_lpt_and_ar/tracking/lpt-python-public/ar.testing7.merge_split/data/ar/g0_0h/thresh1/systems/2000060100_2001063023/lpt_system_mask_ar.lptid00459.0000.nc,2001-01-10T16:00:00,True,730.10815,2000,459.0
25,/home/orca/bkerns/projects/mjo_lpt_and_ar/tracking/lpt-python-public/ar.testing7.merge_split/data/ar/g0_0h/thresh1/systems/2000060100_2001063023/lpt_system_mask_ar.lptid00488.3000.nc,2001-01-17T20:00:00,True,2300.842,2000,488.3
26,/home/orca/bkerns/projects/mjo_lpt_and_ar/tracking/lpt-python-public/ar.testing7.merge_split/data/ar/g0_0h/thresh1/systems/2000060100_2001063023/lpt_system_mask_ar.lptid00613.3000.nc,2001-03-15T09:00:00,True,2084.552,2000,613.3
27,/home/orca/bkerns/projects/mjo_lpt_and_ar/tracking/lpt-python-public/ar.testing7.merge_split/data/ar/g0_0h/thresh1/systems/2000060100_2001063023/lpt_system_mask_ar.lptid00613.7000.nc,2001-03-27T18:00:00,True,1301.6266,2000,613.7
28,/home/orca/bkerns/projects/mjo_lpt_and_ar/tracking/lpt-python-public/ar.testing7.merge_split/data/ar/g0_0h/thresh1/systems/2000060100_2001063023/lpt_system_mask_ar.lptid00638.0100.nc,2001-04-05T20:00:00,True,1439.8856,2000,638.01
29,/home/orca/bkerns/projects/mjo_lpt_and_ar/tracking/lpt-python-public/ar.testing7.merge_split/data/ar/g0_0h/thresh1/systems/2000060100_2001063023/lpt_system_mask_ar.lptid00638.1000.nc,2001-05-04T20:00:00,True,1206.4481,2000,638.1
30,/home/orca/bkerns/projects/mjo_lpt_and_ar/tracking/lpt-python-public/ar.testing7.merge_split/data/ar/g0_0h/thresh1/systems/2000060100_2001063023/lpt_system_mask_ar.lptid00638.1100.nc,2001-05-08T01:00:00,True,818.1314,2000,638.11
31,/home/orca/bkerns/projects/mjo_lpt_and_ar/tracking/lpt-python-public/ar.testing7.merge_split/data/ar/g0_0h/thresh1/systems/2000060100_2001063023/lpt_system_mask_ar.lptid00643.1000.nc,2001-03-24T14:00:00,True,803.2451,2000,643.1
32,/home/orca/bkerns/projects/mjo_lpt_and_ar/tracking/lpt-python-public/ar.testing7.merge_split/data/ar/g0_0h/thresh1/systems/2000060100_2001063023/lpt_system_mask_ar.lptid00737.1000.nc,2001-05-14T07:00:00,True,1273.4126,2000,737.1
33,/home/orca/bkerns/projects/mjo_lpt_and_ar/tracking/lpt-python-public/ar.testing7.merge_split/data/ar/g0_0h/thresh1/systems/2000060100_2001063023/lpt_system_mask_ar.lptid00737.3000.nc,2001-05-19T09:00:00,True,1310.068,2000,737.3
34,/home/orca/bkerns/projects/mjo_lpt_and_ar/tracking/lpt-python-public/ar.testing7.merge_split/data/ar/g0_0h/thresh1/systems/2000060100_2001063023/lpt_system_mask_ar.lptid00765.1000.nc,2001-05-30T12:00:00,True,1618.8456,2000,765.1
35,/home/orca/bkerns/projects/mjo_lpt_and_ar/tracking/lpt-python-public/ar.testing7.merge_split/data/ar/g0_0h/thresh1/systems/2000060100_2001063023/lpt_system_mask_ar.lptid00772.2000.nc,2001-06-05T13:00:00,True,1610.2524,2000,772.2
36,/home/orca/bkerns/projects/mjo_lpt_and_ar/tracking/lpt-python-public/ar.testing7.merge_split/data/ar/g0_0h/thresh1/systems/2000060100_2001063023/lpt_system_mask_ar.lptid00772.4000.nc,2001-06-10T10:00:00,True,1321.6904,2000,772.4
37,/home/orca/bkerns/projects/mjo_lpt_and_ar/tracking/lpt-python-public/ar.testing7.merge_split/data/ar/g0_0h/thresh1/systems/2001060100_2002063023/lpt_system_mask_ar.lptid00001.1000.nc,2001-06-01T00:00:00,True,435.98846,2001,1.1
38,/home/orca/bkerns/projects/mjo_lpt_and_ar/tracking/lpt-python-public/ar.testing7.merge_split/data/ar/g0_0h/thresh1/systems/2001060100_2002063023/lpt_system_mask_ar.lptid00002.2000.nc,2001-06-05T13:00:00,True,1610.2524,2001,2.2
39,/home/orca/bkerns/projects/mjo_lpt_and_ar/tracking/lpt-python-public/ar.testing7.merge_split/data/ar/g0_0h/thresh1/systems/2001060100_2002063023/lpt_system_mask_ar.lptid00002.3000.nc,2001-06-10T10:00:00,True,1321.6904,2001,2.3
40,/home/orca/bkerns/projects/mjo_lpt_and_ar/tracking/lpt-python-public/ar.testing7.merge_split/data/ar/g0_0h/thresh1/systems/2001060100_2002063023/lpt_system_mask_ar.lptid00071.1100.nc,2001-07-27T23:00:00,True,1388.4607,2001,71.11
41,/home/orca/bkerns/projects/mjo_lpt_and_ar/tracking/lpt-python-public/ar.testing7.merge_split/data/ar/g0_0h/thresh1/systems/2001060100_2002063023/lpt_system_mask_ar.lptid00071.1300.nc,2001-08-02T11:00:00,True,3187.4207,2001,71.13
42,/home/orca/bkerns/projects/mjo_lpt_and_ar/tracking/lpt-python-public/ar.testing7.merge_split/data/ar/g0_0h/thresh1/systems/2001060100_2002063023/lpt_system_mask_ar.lptid00071.2000.nc,2001-08-21T06:00:00,True,1019.0837,2001,71.2
43,/home/orca/bkerns/projects/mjo_lpt_and_ar/tracking/lpt-python-public/ar.testing7.merge_split/data/ar/g0_0h/thresh1/systems/2001060100_2002063023/lpt_system_mask_ar.lptid00071.2200.nc,2001-08-27T18:00:00,True,1190.0664,2001,71.22
44,/home/orca/bkerns/projects/mjo_lpt_and_ar/tracking/lpt-python-public/ar.testing7.merge_split/data/ar/g0_0h/thresh1/systems/2001060100_2002063023/lpt_system_mask_ar.lptid00071.2300.nc,2001-08-27T21:00:00,True,1218.7217,2001,71.23
45,/home/orca/bkerns/projects/mjo_lpt_and_ar/tracking/lpt-python-public/ar.testing7.merge_split/data/ar/g0_0h/thresh1/systems/2001060100_2002063023/lpt_system_mask_ar.lptid00071.2700.nc,2001-09-03T05:00:00,True,956.2477,2001,71.27
46,/home/orca/bkerns/projects/mjo_lpt_and_ar/tracking/lpt-python-public/ar.testing7.merge_split/data/ar/g0_0h/thresh1/systems/2001060100_2002063023/lpt_system_mask_ar.lptid00215.1000.nc,2001-09-13T19:00:00,True,1536.1504,2001,215.1
47,/home/orca/bkerns/projects/mjo_lpt_and_ar/tracking/lpt-python-public/ar.testing7.merge_split/data/ar/g0_0h/thresh1/systems/2001060100_2002063023/lpt_system_mask_ar.lptid00541.2000.nc,2002-02-27T16:00:00,True,1275.5591,2001,541.2
48,/home/orca/bkerns/projects/mjo_lpt_and_ar/tracking/lpt-python-public/ar.testing7.merge_split/data/ar/g0_0h/thresh1/systems/2001060100_2002063023/lpt_system_mask_ar.lptid00551.1000.nc,2002-03-09T18:00:00,True,1154.8966,2001,551.1
49,/home/orca/bkerns/projects/mjo_lpt_and_ar/tracking/lpt-python-public/ar.testing7.merge_split/data/ar/g0_0h/thresh1/systems/2001060100_2002063023/lpt_system_mask_ar.lptid00566.1000.nc,2002-03-11T05:00:00,True,1615.1396,2001,566.1
50,/home/orca/bkerns/projects/mjo_lpt_and_ar/tracking/lpt-python-public/ar.testing7.merge_split/data/ar/g0_0h/thresh1/systems/2001060100_2002063023/lpt_system_mask_ar.lptid00571.1000.nc,2002-03-06T16:00:00,True,598.2894,2001,571.1
51,/home/orca/bkerns/projects/mjo_lpt_and_ar/tracking/lpt-python-public/ar.testing7.merge_split/data/ar/g0_0h/thresh1/systems/2001060100_2002063023/lpt_system_mask_ar.lptid00591.1000.nc,2002-04-01T00:00:00,True,1483.3699,2001,591.1
52,/home/orca/bkerns/projects/mjo_lpt_and_ar/tracking/lpt-python-public/ar.testing7.merge_split/data/ar/g0_0h/thresh1/systems/2001060100_2002063023/lpt_system_mask_ar.lptid00591.4000.nc,2002-04-01T06:00:00,True,853.16156,2001,591.4
53,/home/orca/bkerns/projects/mjo_lpt_and_ar/tracking/lpt-python-public/ar.testing7.merge_split/data/ar/g0_0h/thresh1/systems/2001060100_2002063023/lpt_system_mask_ar.lptid00699.3000.nc,2002-05-29T09:00:00,True,436.15863,2001,699.3
54,/home/orca/bkerns/projects/mjo_lpt_and_ar/tracking/lpt-python-public/ar.testing7.merge_split/data/ar/g0_0h/thresh1/systems/2005060100_2006063023/lpt_system_mask_ar.lptid00003.1000.nc,2005-06-08T06:00:00,True,2584.062,2005,3.1
55,/home/orca/bkerns/projects/mjo_lpt_and_ar/tracking/lpt-python-public/ar.testing7.merge_split/data/ar/g0_0h/thresh1/systems/2005060100_2006063023/lpt_system_mask_ar.lptid00027.1000.nc,2005-06-16T09:00:00,True,2107.8103,2005,27.1
56,/home/orca/bkerns/projects/mjo_lpt_and_ar/tracking/lpt-python-public/ar.testing7.merge_split/data/ar/g0_0h/thresh1/systems/2005060100_2006063023/lpt_system_mask_ar.lptid00027.2000.nc,2005-06-16T16:00:00,True,659.67053,2005,27.2
57,/home/orca/bkerns/projects/mjo_lpt_and_ar/tracking/lpt-python-public/ar.testing7.merge_split/data/ar/g0_0h/thresh1/systems/2005060100_2006063023/lpt_system_mask_ar.lptid00071.1000.nc,2005-07-05T17:00:00,True,1820.63,2005,71.1
58,/home/orca/bkerns/projects/mjo_lpt_and_ar/tracking/lpt-python-public/ar.testing7.merge_split/data/ar/g0_0h/thresh1/systems/2005060100_2006063023/lpt_system_mask_ar.lptid00088.2000.nc,2005-07-15T12:00:00,True,1710.9474,2005,88.2
59,/home/orca/bkerns/projects/mjo_lpt_and_ar/tracking/lpt-python-public/ar.testing7.merge_split/data/ar/g0_0h/thresh1/systems/2005060100_2006063023/lpt_system_mask_ar.lptid00207.1800.nc,2005-10-25T18:00:00,True,1223.3768,2005,207.18
60,/home/orca/bkerns/projects/mjo_lpt_and_ar/tracking/lpt-python-public/ar.testing7.merge_split/data/ar/g0_0h/thresh1/systems/2005060100_2006063023/lpt_system_mask_ar.lptid00207.2000.nc,2005-10-27T19:00:00,True,1318.2042,2005,207.2
61,/home/orca/bkerns/projects/mjo_lpt_and_ar/tracking/lpt-python-public/ar.testing7.merge_split/data/ar/g0_0h/thresh1/systems/2005060100_2006063023/lpt_system_mask_ar.lptid00207.2100.nc,2005-11-03T11:00:00,True,1602.5054,2005,207.21
62,/home/orca/bkerns/projects/mjo_lpt_and_ar/tracking/lpt-python-public/ar.testing7.merge_split/data/ar/g0_0h/thresh1/systems/2005060100_2006063023/lpt_system_mask_ar.lptid00601.1000.nc,2006-03-24T22:00:00,True,723.16864,2005,601.1
63,/home/orca/bkerns/projects/mjo_lpt_and_ar/tracking/lpt-python-public/ar.testing7.merge_split/data/ar/g0_0h/thresh1/systems/2005060100_2006063023/lpt_system_mask_ar.lptid00628.1000.nc,2006-04-03T00:00:00,True,700.9086,2005,628.1
64,/home/orca/bkerns/projects/mjo_lpt_and_ar/tracking/lpt-python-public/ar.testing7.merge_split/data/ar/g0_0h/thresh1/systems/2005060100_2006063023/lpt_system_mask_ar.lptid00636.1000.nc,2006-04-07T22:00:00,True,585.2057,2005,636.1
65,/home/orca/bkerns/projects/mjo_lpt_and_ar/tracking/lpt-python-public/ar.testing7.merge_split/data/ar/g0_0h/thresh1/systems/2005060100_2006063023/lpt_system_mask_ar.lptid00701.6000.nc,2006-05-31T17:00:00,True,1391.6075,2005,701.6
66,/home/orca/bkerns/projects/mjo_lpt_and_ar/tracking/lpt-python-public/ar.testing7.merge_split/data/ar/g0_0h/thresh1/systems/2007060100_2008063023/lpt_system_mask_ar.lptid00105.5000.nc,2007-08-12T04:00:00,True,667.78296,2007,105.5
67,/home/orca/bkerns/projects/mjo_lpt_and_ar/tracking/lpt-python-public/ar.testing7.merge_split/data/ar/g0_0h/thresh1/systems/2007060100_2008063023/lpt_system_mask_ar.lptid00152.1000.nc,2007-08-19T07:00:00,True,1923.0538,2007,152.1
68,/home/orca/bkerns/projects/mjo_lpt_and_ar/tracking/lpt-python-public/ar.testing7.merge_split/data/ar/g0_0h/thresh1/systems/2007060100_2008063023/lpt_system_mask_ar.lptid00152.4000.nc,2007-09-03T21:00:00,True,1573.4564,2007,152.4
69,/home/orca/bkerns/projects/mjo_lpt_and_ar/tracking/lpt-python-public/ar.testing7.merge_split/data/ar/g0_0h/thresh1/systems/2007060100_2008063023/lpt_system_mask_ar.lptid00152.8000.nc,2007-09-06T02:00:00,True,1319.0789,2007,152.8
70,/home/orca/bkerns/projects/mjo_lpt_and_ar/tracking/lpt-python-public/ar.testing7.merge_split/data/ar/g0_0h/thresh1/systems/2007060100_2008063023/lpt_system_mask_ar.lptid00153.0000.nc,2007-09-20T12:00:00,True,2005.9514,2007,153.0
71,/home/orca/bkerns/projects/mjo_lpt_and_ar/tracking/lpt-python-public/ar.testing7.merge_split/data/ar/g0_0h/thresh1/systems/2007060100_2008063023/lpt_system_mask_ar.lptid00211.1000.nc,2007-09-21T07:00:00,True,818.4855,2007,211.1
72,/home/orca/bkerns/projects/mjo_lpt_and_ar/tracking/lpt-python-public/ar.testing7.merge_split/data/ar/g0_0h/thresh1/systems/2007060100_2008063023/lpt_system_mask_ar.lptid00217.1000.nc,2007-09-30T00:00:00,True,1881.3062,2007,217.1
73,/home/orca/bkerns/projects/mjo_lpt_and_ar/tracking/lpt-python-public/ar.testing7.merge_split/data/ar/g0_0h/thresh1/systems/2007060100_2008063023/lpt_system_mask_ar.lptid00231.1000.nc,2007-10-06T09:00:00,True,1839.5332,2007,231.1
74,/home/orca/bkerns/projects/mjo_lpt_and_ar/tracking/lpt-python-public/ar.testing7.merge_split/data/ar/g0_0h/thresh1/systems/2007060100_2008063023/lpt_system_mask_ar.lptid00231.2000.nc,2007-10-16T16:00:00,True,1887.4634,2007,231.2
75,/home/orca/bkerns/projects/mjo_lpt_and_ar/tracking/lpt-python-public/ar.testing7.merge_split/data/ar/g0_0h/thresh1/systems/2007060100_2008063023/lpt_system_mask_ar.lptid00231.3000.nc,2007-10-08T09:00:00,True,1666.2863,2007,231.3
76,/home/orca/bkerns/projects/mjo_lpt_and_ar/tracking/lpt-python-public/ar.testing7.merge_split/data/ar/g0_0h/thresh1/systems/2007060100_2008063023/lpt_system_mask_ar.lptid00264.1000.nc,2007-10-21T22:00:00,True,1935.2689,2007,264.1
77,/home/orca/bkerns/projects/mjo_lpt_and_ar/tracking/lpt-python-public/ar.testing7.merge_split/data/ar/g0_0h/thresh1/systems/2007060100_2008063023/lpt_system_mask_ar.lptid00267.0200.nc,2007-10-29T07:00:00,True,1256.5311,2007,267.02
78,/home/orca/bkerns/projects/mjo_lpt_and_ar/tracking/lpt-python-public/ar.testing7.merge_split/data/ar/g0_0h/thresh1/systems/2007060100_2008063023/lpt_system_mask_ar.lptid00267.0300.nc,2007-10-31T22:00:00,True,2774.6938,2007,267.03
79,/home/orca/bkerns/projects/mjo_lpt_and_ar/tracking/lpt-python-public/ar.testing7.merge_split/data/ar/g0_0h/thresh1/systems/2007060100_2008063023/lpt_system_mask_ar.lptid00267.0400.nc,2007-11-03T03:00:00,True,1029.1803,2007,267.04
80,/home/orca/bkerns/projects/mjo_lpt_and_ar/tracking/lpt-python-public/ar.testing7.merge_split/data/ar/g0_0h/thresh1/systems/2007060100_2008063023/lpt_system_mask_ar.lptid00267.0500.nc,2007-11-08T12:00:00,True,1858.0261,2007,267.05
81,/home/orca/bkerns/projects/mjo_lpt_and_ar/tracking/lpt-python-public/ar.testing7.merge_split/data/ar/g0_0h/thresh1/systems/2007060100_2008063023/lpt_system_mask_ar.lptid00267.0600.nc,2007-11-15T17:00:00,True,2000.28,2007,267.06
82,/home/orca/bkerns/projects/mjo_lpt_and_ar/tracking/lpt-python-public/ar.testing7.merge_split/data/ar/g0_0h/thresh1/systems/2007060100_2008063023/lpt_system_mask_ar.lptid00267.1000.nc,2007-11-28T22:00:00,True,1786.6638,2007,267.1
83,/home/orca/bkerns/projects/mjo_lpt_and_ar/tracking/lpt-python-public/ar.testing7.merge_split/data/ar/g0_0h/thresh1/systems/2007060100_2008063023/lpt_system_mask_ar.lptid00267.1100.nc,2007-11-24T09:00:00,True,1236.5011,2007,267.11
84,/home/orca/bkerns/projects/mjo_lpt_and_ar/tracking/lpt-python-public/ar.testing7.merge_split/data/ar/g0_0h/thresh1/systems/2007060100_2008063023/lpt_system_mask_ar.lptid00310.1000.nc,2007-11-11T08:00:00,True,539.0131,2007,310.1
85,/home/orca/bkerns/projects/mjo_lpt_and_ar/tracking/lpt-python-public/ar.testing7.merge_split/data/ar/g0_0h/thresh1/systems/2007060100_2008063023/lpt_system_mask_ar.lptid00526.1000.nc,2008-03-07T22:00:00,True,1596.6335,2007,526.1
86,/home/orca/bkerns/projects/mjo_lpt_and_ar/tracking/lpt-python-public/ar.testing7.merge_split/data/ar/g0_0h/thresh1/systems/2007060100_2008063023/lpt_system_mask_ar.lptid00640.4000.nc,2008-05-13T00:00:00,True,1747.045,2007,640.4
87,/home/orca/bkerns/projects/mjo_lpt_and_ar/tracking/lpt-python-public/ar.testing7.merge_split/data/ar/g0_0h/thresh1/systems/2007060100_2008063023/lpt_system_mask_ar.lptid00640.6000.nc,2008-05-19T19:00:00,True,996.06006,2007,640.6
88,/home/orca/bkerns/projects/mjo_lpt_and_ar/tracking/lpt-python-public/ar.testing7.merge_split/data/ar/g0_0h/thresh1/systems/2007060100_2008063023/lpt_system_mask_ar.lptid00660.1000.nc,2008-05-11T22:00:00,True,355.16647,2007,660.1
89,/home/orca/bkerns/projects/mjo_lpt_and_ar/tracking/lpt-python-public/ar.testing7.merge_split/data/ar/g0_0h/thresh1/systems/2010060100_2011063023/lpt_system_mask_ar.lptid00004.1000.nc,2010-06-02T00:00:00,True,1903.059,2010,4.1
90,/home/orca/bkerns/projects/mjo_lpt_and_ar/tracking/lpt-python-public/ar.testing7.merge_split/data/ar/g0_0h/thresh1/systems/2010060100_2011063023/lpt_system_mask_ar.lptid00177.1000.nc,2010-09-12T03:00:00,True,685.59625,2010,177.1
91,/home/orca/bkerns/projects/mjo_lpt_and_ar/tracking/lpt-python-public/ar.testing7.merge_split/data/ar/g0_0h/thresh1/systems/2010060100_2011063023/lpt_system_mask_ar.lptid00371.0900.nc,2011-01-12T22:00:00,True,946.10516,2010,371.09
92,/home/orca/bkerns/projects/mjo_lpt_and_ar/tracking/lpt-python-public/ar.testing7.merge_split/data/ar/g0_0h/thresh1/systems/2010060100_2011063023/lpt_system_mask_ar.lptid00371.1000.nc,2011-01-14T15:00:00,True,1956.1869,2010,371.1
93,/home/orca/bkerns/projects/mjo_lpt_and_ar/tracking/lpt-python-public/ar.testing7.merge_split/data/ar/g0_0h/thresh1/systems/2010060100_2011063023/lpt_system_mask_ar.lptid00371.1200.nc,2011-01-20T14:00:00,True,2126.4697,2010,371.12
94,/home/orca/bkerns/projects/mjo_lpt_and_ar/tracking/lpt-python-public/ar.testing7.merge_split/data/ar/g0_0h/thresh1/systems/2010060100_2011063023/lpt_system_mask_ar.lptid00440.1000.nc,2011-02-03T15:00:00,True,1566.3413,2010,440.1
95,/home/orca/bkerns/projects/mjo_lpt_and_ar/tracking/lpt-python-public/ar.testing7.merge_split/data/ar/g0_0h/thresh1/systems/2006060100_2007063023/lpt_system_mask_ar.lptid00002.1000.nc,2006-06-01T08:00:00,True,1201.5349,2006,2.1
96,/home/orca/bkerns/projects/mjo_lpt_and_ar/tracking/lpt-python-public/ar.testing7.merge_split/data/ar/g0_0h/thresh1/systems/2006060100_2007063023/lpt_system_mask_ar.lptid00208.1100.nc,2006-10-26T20:00:00,True,1090.932,2006,208.11
97,/home/orca/bkerns/projects/mjo_lpt_and_ar/tracking/lpt-python-public/ar.testing7.merge_split/data/ar/g0_0h/thresh1/systems/2006060100_2007063023/lpt_system_mask_ar.lptid00282.1000.nc,2006-11-10T07:00:00,True,1707.6135,2006,282.1
98,/home/orca/bkerns/projects/mjo_lpt_and_ar/tracking/lpt-python-public/ar.testing7.merge_split/data/ar/g0_0h/thresh1/systems/2006060100_2007063023/lpt_system_mask_ar.lptid00282.2000.nc,2006-11-11T08:00:00,True,859.2,2006,282.2
99,/home/orca/bkerns/projects/mjo_lpt_and_ar/tracking/lpt-python-public/ar.testing7.merge_split/data/ar/g0_0h/thresh1/systems/2006060100_2007063023/lpt_system_mask_ar.lptid00514.7000.nc,2007-04-07T08:00:00,True,703.3788,2006,514.7
100,/home/orca/bkerns/projects/mjo_lpt_and_ar/tracking/lpt-python-public/ar.testing7.merge_split/data/ar/g0_0h/thresh1/systems/2006060100_2007063023/lpt_system_mask_ar.lptid00536.1000.nc,2007-04-13T17:00:00,True,1275.8475,2006,536.1
101,/home/orca/bkerns/projects/mjo_lpt_and_ar/tracking/lpt-python-public/ar.testing7.merge_split/data/ar/g0_0h/thresh1/systems/2006060100_2007063023/lpt_system_mask_ar.lptid00536.2000.nc,2007-04-16T15:00:00,True,1667.9027,2006,536.2
102,/home/orca/bkerns/projects/mjo_lpt_and_ar/tracking/lpt-python-public/ar.testing7.merge_split/data/ar/g0_0h/thresh1/systems/2006060100_2007063023/lpt_system_mask_ar.lptid00536.5000.nc,2007-04-27T03:00:00,True,1690.4576,2006,536.5
103,/home/orca/bkerns/projects/mjo_lpt_and_ar/tracking/lpt-python-public/ar.testing7.merge_split/data/ar/g0_0h/thresh1/systems/2006060100_2007063023/lpt_system_mask_ar.lptid00536.8000.nc,2007-04-30T23:00:00,True,1368.0219,2006,536.8
104,/home/orca/bkerns/projects/mjo_lpt_and_ar/tracking/lpt-python-public/ar.testing7.merge_split/data/ar/g0_0h/thresh1/systems/2006060100_2007063023/lpt_system_mask_ar.lptid00553.1000.nc,2007-04-19T19:00:00,True,505.1788,2006,553.1
105,/home/orca/bkerns/projects/mjo_lpt_and_ar/tracking/lpt-python-public/ar.testing7.merge_split/data/ar/g0_0h/thresh1/systems/2006060100_2007063023/lpt_system_mask_ar.lptid00611.6000.nc,2007-05-31T07:00:00,True,1290.7047,2006,611.6
106,/home/orca/bkerns/projects/mjo_lpt_and_ar/tracking/lpt-python-public/ar.testing7.merge_split/data/ar/g0_0h/thresh1/systems/2009060100_2010063023/lpt_system_mask_ar.lptid00000.1000.nc,2009-06-18T23:00:00,True,1806.0448,2009,0.1
107,/home/orca/bkerns/projects/mjo_lpt_and_ar/tracking/lpt-python-public/ar.testing7.merge_split/data/ar/g0_0h/thresh1/systems/2009060100_2010063023/lpt_system_mask_ar.lptid00000.4000.nc,2009-06-24T12:00:00,True,1561.7566,2009,0.4
108,/home/orca/bkerns/projects/mjo_lpt_and_ar/tracking/lpt-python-public/ar.testing7.merge_split/data/ar/g0_0h/thresh1/systems/2009060100_2010063023/lpt_system_mask_ar.lptid00000.5000.nc,2009-06-27T19:00:00,True,1272.8823,2009,0.5
109,/home/orca/bkerns/projects/mjo_lpt_and_ar/tracking/lpt-python-public/ar.testing7.merge_split/data/ar/g0_0h/thresh1/systems/2009060100_2010063023/lpt_system_mask_ar.lptid00093.0900.nc,2009-08-10T07:00:00,True,1768.8988,2009,93.09
110,/home/orca/bkerns/projects/mjo_lpt_and_ar/tracking/lpt-python-public/ar.testing7.merge_split/data/ar/g0_0h/thresh1/systems/2009060100_2010063023/lpt_system_mask_ar.lptid00165.0200.nc,2009-08-25T06:00:00,True,1001.5496,2009,165.02
111,/home/orca/bkerns/projects/mjo_lpt_and_ar/tracking/lpt-python-public/ar.testing7.merge_split/data/ar/g0_0h/thresh1/systems/2009060100_2010063023/lpt_system_mask_ar.lptid00165.0300.nc,2009-08-25T14:00:00,True,2595.2764,2009,165.03
112,/home/orca/bkerns/projects/mjo_lpt_and_ar/tracking/lpt-python-public/ar.testing7.merge_split/data/ar/g0_0h/thresh1/systems/2009060100_2010063023/lpt_system_mask_ar.lptid00165.1100.nc,2009-09-04T07:00:00,True,788.5751,2009,165.11
113,/home/orca/bkerns/projects/mjo_lpt_and_ar/tracking/lpt-python-public/ar.testing7.merge_split/data/ar/g0_0h/thresh1/systems/2009060100_2010063023/lpt_system_mask_ar.lptid00170.1000.nc,2009-08-21T22:00:00,True,602.77606,2009,170.1
114,/home/orca/bkerns/projects/mjo_lpt_and_ar/tracking/lpt-python-public/ar.testing7.merge_split/data/ar/g0_0h/thresh1/systems/2009060100_2010063023/lpt_system_mask_ar.lptid00199.0500.nc,2009-09-26T05:00:00,True,1002.7447,2009,199.05
115,/home/orca/bkerns/projects/mjo_lpt_and_ar/tracking/lpt-python-public/ar.testing7.merge_split/data/ar/g0_0h/thresh1/systems/2009060100_2010063023/lpt_system_mask_ar.lptid00199.0900.nc,2009-10-03T03:00:00,True,1351.5303,2009,199.09
116,/home/orca/bkerns/projects/mjo_lpt_and_ar/tracking/lpt-python-public/ar.testing7.merge_split/data/ar/g0_0h/thresh1/systems/2009060100_2010063023/lpt_system_mask_ar.lptid00199.1200.nc,2009-10-13T06:00:00,True,1913.9161,2009,199.12
117,/home/orca/bkerns/projects/mjo_lpt_and_ar/tracking/lpt-python-public/ar.testing7.merge_split/data/ar/g0_0h/thresh1/systems/2009060100_2010063023/lpt_system_mask_ar.lptid00199.1600.nc,2009-10-21T08:00:00,True,3641.1313,2009,199.16
118,/home/orca/bkerns/projects/mjo_lpt_and_ar/tracking/lpt-python-public/ar.testing7.merge_split/data/ar/g0_0h/thresh1/systems/2009060100_2010063023/lpt_system_mask_ar.lptid00258.1000.nc,2009-10-13T23:00:00,True,782.93616,2009,258.1
119,/home/orca/bkerns/projects/mjo_lpt_and_ar/tracking/lpt-python-public/ar.testing7.merge_split/data/ar/g0_0h/thresh1/systems/2009060100_2010063023/lpt_system_mask_ar.lptid00614.2000.nc,2010-04-27T03:00:00,True,842.0609,2009,614.2
120,/home/orca/bkerns/projects/mjo_lpt_and_ar/tracking/lpt-python-public/ar.testing7.merge_split/data/ar/g0_0h/thresh1/systems/2009060100_2010063023/lpt_system_mask_ar.lptid00647.6000.nc,2010-06-02T00:00:00,True,1922.8108,2009,647.6
121,/home/orca/bkerns/projects/mjo_lpt_and_ar/tracking/lpt-python-public/ar.testing7.merge_split/data/ar/g0_0h/thresh1/systems/2009060100_2010063023/lpt_system_mask_ar.lptid00647.7000.nc,2010-05-27T01:00:00,True,496.41898,2009,647.7
122,/home/orca/bkerns/projects/mjo_lpt_and_ar/tracking/lpt-python-public/ar.testing7.merge_split/data/ar/g0_0h/thresh1/systems/2008060100_2009063023/lpt_system_mask_ar.lptid00094.4000.nc,2008-08-10T07:00:00,True,1213.472,2008,94.4
123,/home/orca/bkerns/projects/mjo_lpt_and_ar/tracking/lpt-python-public/ar.testing7.merge_split/data/ar/g0_0h/thresh1/systems/2008060100_2009063023/lpt_system_mask_ar.lptid00094.5000.nc,2008-08-08T21:00:00,True,547.7221,2008,94.5
124,/home/orca/bkerns/projects/mjo_lpt_and_ar/tracking/lpt-python-public/ar.testing7.merge_split/data/ar/g0_0h/thresh1/systems/2008060100_2009063023/lpt_system_mask_ar.lptid00121.1000.nc,2008-07-26T21:00:00,True,325.1941,2008,121.1
125,/home/orca/bkerns/projects/mjo_lpt_and_ar/tracking/lpt-python-public/ar.testing7.merge_split/data/ar/g0_0h/thresh1/systems/2008060100_2009063023/lpt_system_mask_ar.lptid00158.0200.nc,2008-08-24T06:00:00,True,1441.5527,2008,158.02
126,/home/orca/bkerns/projects/mjo_lpt_and_ar/tracking/lpt-python-public/ar.testing7.merge_split/data/ar/g0_0h/thresh1/systems/2008060100_2009063023/lpt_system_mask_ar.lptid00158.1100.nc,2008-09-24T17:00:00,True,655.56244,2008,158.11
127,/home/orca/bkerns/projects/mjo_lpt_and_ar/tracking/lpt-python-public/ar.testing7.merge_split/data/ar/g0_0h/thresh1/systems/2008060100_2009063023/lpt_system_mask_ar.lptid00468.5000.nc,2009-01-27T22:00:00,True,1086.9434,2008,468.5
128,/home/orca/bkerns/projects/mjo_lpt_and_ar/tracking/lpt-python-public/ar.testing7.merge_split/data/ar/g0_0h/thresh1/systems/2008060100_2009063023/lpt_system_mask_ar.lptid00488.4000.nc,2009-02-08T19:00:00,True,982.2234,2008,488.4
129,/home/orca/bkerns/projects/mjo_lpt_and_ar/tracking/lpt-python-public/ar.testing7.merge_split/data/ar/g0_0h/thresh1/systems/2008060100_2009063023/lpt_system_mask_ar.lptid00613.2000.nc,2009-04-17T01:00:00,True,828.6406,2008,613.2
130,/home/orca/bkerns/projects/mjo_lpt_and_ar/tracking/lpt-python-public/ar.testing7.merge_split/data/ar/g0_0h/thresh1/systems/2008060100_2009063023/lpt_system_mask_ar.lptid00638.2000.nc,2009-05-01T18:00:00,True,1838.4679,2008,638.2
131,/home/orca/bkerns/projects/mjo_lpt_and_ar/tracking/lpt-python-public/ar.testing7.merge_split/data/ar/g0_0h/thresh1/systems/2008060100_2009063023/lpt_system_mask_ar.lptid00638.6000.nc,2009-05-02T18:00:00,True,1565.1039,2008,638.6
132,/home/orca/bkerns/projects/mjo_lpt_and_ar/tracking/lpt-python-public/ar.testing7.merge_split/data/ar/g0_0h/thresh1/systems/2008060100_2009063023/lpt_system_mask_ar.lptid00669.4000.nc,2009-05-13T20:00:00,True,1204.6754,2008,669.4
133,/home/orca/bkerns/projects/mjo_lpt_and_ar/tracking/lpt-python-public/ar.testing7.merge_split/data/ar/g0_0h/thresh1/systems/2008060100_2009063023/lpt_system_mask_ar.lptid00695.3000.nc,2009-06-18T23:00:00,True,1806.0448,2008,695.3
134,/home/orca/bkerns/projects/mjo_lpt_and_ar/tracking/lpt-python-public/ar.testing7.merge_split/data/ar/g0_0h/thresh1/systems/2008060100_2009063023/lpt_system_mask_ar.lptid00695.7000.nc,2009-06-24T12:00:00,True,1561.7566,2008,695.7
135,/home/orca/bkerns/projects/mjo_lpt_and_ar/tracking/lpt-python-public/ar.testing7.merge_split/data/ar/g0_0h/thresh1/systems/2008060100_2009063023/lpt_system_mask_ar.lptid00695.8000.nc,2009-06-27T19:00:00,True,1272.8823,2008,695.8
136,/home/orca/bkerns/projects/mjo_lpt_and_ar/tracking/lpt-python-public/ar.testing7.merge_split/data/ar/g0_0h/thresh1/systems/2002060100_2003063023/lpt_system_mask_ar.lptid00179.1000.nc,2002-09-01T00:00:00,True,2222.4368,2002,179.1
137,/home/orca/bkerns/projects/mjo_lpt_and_ar/tracking/lpt-python-public/ar.testing7.merge_split/data/ar/g0_0h/thresh1/systems/2002060100_2003063023/lpt_system_mask_ar.lptid00273.4000.nc,2002-10-25T08:00:00,True,1028.8408,2002,273.4
138,/home/orca/bkerns/projects/mjo_lpt_and_ar/tracking/lpt-python-public/ar.testing7.merge_split/data/ar/g0_0h/thresh1/systems/2012060100_2013063023/lpt_system_mask_ar.lptid00001.0500.nc,2012-06-14T16:00:00,True,2045.8679,2012,1.05
139,/home/orca/bkerns/projects/mjo_lpt_and_ar/tracking/lpt-python-public/ar.testing7.merge_split/data/ar/g0_0h/thresh1/systems/2012060100_2013063023/lpt_system_mask_ar.lptid00001.0600.nc,2012-06-17T04:00:00,True,1370.3357,2012,1.06
140,/home/orca/bkerns/projects/mjo_lpt_and_ar/tracking/lpt-python-public/ar.testing7.merge_split/data/ar/g0_0h/thresh1/systems/2012060100_2013063023/lpt_system_mask_ar.lptid00001.0700.nc,2012-06-28T19:00:00,True,2565.6187,2012,1.07
141,/home/orca/bkerns/projects/mjo_lpt_and_ar/tracking/lpt-python-public/ar.testing7.merge_split/data/ar/g0_0h/thresh1/systems/2012060100_2013063023/lpt_system_mask_ar.lptid00001.0900.nc,2012-06-22T11:00:00,True,628.5368,2012,1.09
142,/home/orca/bkerns/projects/mjo_lpt_and_ar/tracking/lpt-python-public/ar.testing7.merge_split/data/ar/g0_0h/thresh1/systems/2012060100_2013063023/lpt_system_mask_ar.lptid00001.1200.nc,2012-06-28T21:00:00,True,575.1249,2012,1.12
143,/home/orca/bkerns/projects/mjo_lpt_and_ar/tracking/lpt-python-public/ar.testing7.merge_split/data/ar/g0_0h/thresh1/systems/2012060100_2013063023/lpt_system_mask_ar.lptid00001.1500.nc,2012-07-10T17:00:00,True,994.8437,2012,1.15
144,/home/orca/bkerns/projects/mjo_lpt_and_ar/tracking/lpt-python-public/ar.testing7.merge_split/data/ar/g0_0h/thresh1/systems/2012060100_2013063023/lpt_system_mask_ar.lptid00090.1200.nc,2012-08-14T04:00:00,True,1617.1196,2012,90.12
145,/home/orca/bkerns/projects/mjo_lpt_and_ar/tracking/lpt-python-public/ar.testing7.merge_split/data/ar/g0_0h/thresh1/systems/2012060100_2013063023/lpt_system_mask_ar.lptid00090.1300.nc,2012-08-15T04:00:00,True,700.70935,2012,90.13
146,/home/orca/bkerns/projects/mjo_lpt_and_ar/tracking/lpt-python-public/ar.testing7.merge_split/data/ar/g0_0h/thresh1/systems/2012060100_2013063023/lpt_system_mask_ar.lptid00177.1000.nc,2012-08-26T18:00:00,True,897.96295,2012,177.1
147,/home/orca/bkerns/projects/mjo_lpt_and_ar/tracking/lpt-python-public/ar.testing7.merge_split/data/ar/g0_0h/thresh1/systems/2012060100_2013063023/lpt_system_mask_ar.lptid00199.0800.nc,2012-09-22T21:00:00,True,1759.0435,2012,199.08
148,/home/orca/bkerns/projects/mjo_lpt_and_ar/tracking/lpt-python-public/ar.testing7.merge_split/data/ar/g0_0h/thresh1/systems/2012060100_2013063023/lpt_system_mask_ar.lptid00199.1000.nc,2012-09-28T16:00:00,True,2090.7402,2012,199.1
149,/home/orca/bkerns/projects/mjo_lpt_and_ar/tracking/lpt-python-public/ar.testing7.merge_split/data/ar/g0_0h/thresh1/systems/2012060100_2013063023/lpt_system_mask_ar.lptid00199.1300.nc,2012-10-12T10:00:00,True,1498.7688,2012,199.13
150,/home/orca/bkerns/projects/mjo_lpt_and_ar/tracking/lpt-python-public/ar.testing7.merge_split/data/ar/g0_0h/thresh1/systems/2012060100_2013063023/lpt_system_mask_ar.lptid00350.5000.nc,2012-11-23T03:00:00,True,1310.1235,2012,350.5
151,/home/orca/bkerns/projects/mjo_lpt_and_ar/tracking/lpt-python-public/ar.testing7.merge_split/data/ar/g0_0h/thresh1/systems/2012060100_2013063023/lpt_system_mask_ar.lptid00383.1000.nc,2012-11-29T04:00:00,True,1543.9058,2012,383.1
152,/home/orca/bkerns/projects/mjo_lpt_and_ar/tracking/lpt-python-public/ar.testing7.merge_split/data/ar/g0_0h/thresh1/systems/2012060100_2013063023/lpt_system_mask_ar.lptid00388.1000.nc,2012-11-28T07:00:00,True,1063.9857,2012,388.1
153,/home/orca/bkerns/projects/mjo_lpt_and_ar/tracking/lpt-python-public/ar.testing7.merge_split/data/ar/g0_0h/thresh1/systems/2012060100_2013063023/lpt_system_mask_ar.lptid00414.1000.nc,2012-12-16T03:00:00,True,1464.607,2012,414.1
154,/home/orca/bkerns/projects/mjo_lpt_and_ar/tracking/lpt-python-public/ar.testing7.merge_split/data/ar/g0_0h/thresh1/systems/2012060100_2013063023/lpt_system_mask_ar.lptid00637.1100.nc,2013-05-21T05:00:00,True,806.4587,2012,637.11
155,/home/orca/bkerns/projects/mjo_lpt_and_ar/tracking/lpt-python-public/ar.testing7.merge_split/data/ar/g0_0h/thresh1/systems/2011060100_2012063023/lpt_system_mask_ar.lptid00588.3000.nc,2012-04-15T21:00:00,True,1422.3705,2011,588.3
156,/home/orca/bkerns/projects/mjo_lpt_and_ar/tracking/lpt-python-public/ar.testing7.merge_split/data/ar/g0_0h/thresh1/systems/2011060100_2012063023/lpt_system_mask_ar.lptid00601.2000.nc,2012-04-19T12:00:00,True,1378.0483,2011,601.2
157,/home/orca/bkerns/projects/mjo_lpt_and_ar/tracking/lpt-python-public/ar.testing7.merge_split/data/ar/g0_0h/thresh1/systems/2011060100_2012063023/lpt_system_mask_ar.lptid00601.4000.nc,2012-04-28T12:00:00,True,1563.3281,2011,601.4
158,/home/orca/bkerns/projects/mjo_lpt_and_ar/tracking/lpt-python-public/ar.testing7.merge_split/data/ar/g0_0h/thresh1/systems/2011060100_2012063023/lpt_system_mask_ar.lptid00601.5000.nc,2012-05-08T10:00:00,True,977.6717,2011,601.5
159,/home/orca/bkerns/projects/mjo_lpt_and_ar/tracking/lpt-python-public/ar.testing7.merge_split/data/ar/g0_0h/thresh1/systems/2011060100_2012063023/lpt_system_mask_ar.lptid00639.0400.nc,2012-05-20T22:00:00,True,1901.961,2011,639.04
160,/home/orca/bkerns/projects/mjo_lpt_and_ar/tracking/lpt-python-public/ar.testing7.merge_split/data/ar/g0_0h/thresh1/systems/2011060100_2012063023/lpt_system_mask_ar.lptid00639.1100.nc,2012-06-14T16:00:00,True,2045.8679,2011,639.11
161,/home/orca/bkerns/projects/mjo_lpt_and_ar/tracking/lpt-python-public/ar.testing7.merge_split/data/ar/g0_0h/thresh1/systems/2011060100_2012063023/lpt_system_mask_ar.lptid00639.1200.nc,2012-06-17T04:00:00,True,1370.3357,2011,639.12
162,/home/orca/bkerns/projects/mjo_lpt_and_ar/tracking/lpt-python-public/ar.testing7.merge_split/data/ar/g0_0h/thresh1/systems/2011060100_2012063023/lpt_system_mask_ar.lptid00639.1300.nc,2012-06-28T19:00:00,True,2565.6187,2011,639.13
163,/home/orca/bkerns/projects/mjo_lpt_and_ar/tracking/lpt-python-public/ar.testing7.merge_split/data/ar/g0_0h/thresh1/systems/2011060100_2012063023/lpt_system_mask_ar.lptid00639.1500.nc,2012-06-22T11:00:00,True,628.5368,2011,639.15
164,/home/orca/bkerns/projects/mjo_lpt_and_ar/tracking/lpt-python-public/ar.testing7.merge_split/data/ar/g0_0h/thresh1/systems/2011060100_2012063023/lpt_system_mask_ar.lptid00639.1700.nc,2012-06-28T21:00:00,True,575.1249,2011,639.17
165,/home/orca/bkerns/projects/mjo_lpt_and_ar/tracking/lpt-python-public/ar.testing7.merge_split/data/ar/g0_0h/thresh1/systems/2014060100_2015063023/lpt_system_mask_ar.lptid00003.4000.nc,2014-06-25T08:00:00,True,2090.2637,2014,3.4
166,/home/orca/bkerns/projects/mjo_lpt_and_ar/tracking/lpt-python-public/ar.testing7.merge_split/data/ar/g0_0h/thresh1/systems/2014060100_2015063023/lpt_system_mask_ar.lptid00097.1000.nc,2014-07-15T15:00:00,True,464.8827,2014,97.1
167,/home/orca/bkerns/projects/mjo_lpt_and_ar/tracking/lpt-python-public/ar.testing7.merge_split/data/ar/g0_0h/thresh1/systems/2014060100_2015063023/lpt_system_mask_ar.lptid00196.1000.nc,2014-09-09T00:00:00,True,1399.157,2014,196.1
168,/home/orca/bkerns/projects/mjo_lpt_and_ar/tracking/lpt-python-public/ar.testing7.merge_split/data/ar/g0_0h/thresh1/systems/2014060100_2015063023/lpt_system_mask_ar.lptid00250.2000.nc,2014-10-17T05:00:00,True,2295.37,2014,250.2
169,/home/orca/bkerns/projects/mjo_lpt_and_ar/tracking/lpt-python-public/ar.testing7.merge_split/data/ar/g0_0h/thresh1/systems/2014060100_2015063023/lpt_system_mask_ar.lptid00250.3000.nc,2014-10-13T13:00:00,True,1200.3477,2014,250.3
170,/home/orca/bkerns/projects/mjo_lpt_and_ar/tracking/lpt-python-public/ar.testing7.merge_split/data/ar/g0_0h/thresh1/systems/2014060100_2015063023/lpt_system_mask_ar.lptid00250.4000.nc,2014-10-19T04:00:00,True,1261.1879,2014,250.4
171,/home/orca/bkerns/projects/mjo_lpt_and_ar/tracking/lpt-python-public/ar.testing7.merge_split/data/ar/g0_0h/thresh1/systems/2014060100_2015063023/lpt_system_mask_ar.lptid00250.5000.nc,2014-10-20T02:00:00,True,1479.5063,2014,250.5
172,/home/orca/bkerns/projects/mjo_lpt_and_ar/tracking/lpt-python-public/ar.testing7.merge_split/data/ar/g0_0h/thresh1/systems/2014060100_2015063023/lpt_system_mask_ar.lptid00255.1000.nc,2014-10-22T00:00:00,True,2646.1938,2014,255.1
173,/home/orca/bkerns/projects/mjo_lpt_and_ar/tracking/lpt-python-public/ar.testing7.merge_split/data/ar/g0_0h/thresh1/systems/2014060100_2015063023/lpt_system_mask_ar.lptid00509.2000.nc,2015-03-25T15:00:00,True,1253.357,2014,509.2
174,/home/orca/bkerns/projects/mjo_lpt_and_ar/tracking/lpt-python-public/ar.testing7.merge_split/data/ar/g0_0h/thresh1/systems/2014060100_2015063023/lpt_system_mask_ar.lptid00528.1000.nc,2015-03-29T12:00:00,True,1105.6743,2014,528.1
175,/home/orca/bkerns/projects/mjo_lpt_and_ar/tracking/lpt-python-public/ar.testing7.merge_split/data/ar/g0_0h/thresh1/systems/2014060100_2015063023/lpt_system_mask_ar.lptid00553.1000.nc,2015-04-03T11:00:00,True,291.29605,2014,553.1
176,/home/orca/bkerns/projects/mjo_lpt_and_ar/tracking/lpt-python-public/ar.testing7.merge_split/data/ar/g0_0h/thresh1/systems/2013060100_2014063023/lpt_system_mask_ar.lptid00066.1400.nc,2013-08-17T04:00:00,True,1646.0951,2013,66.14
177,/home/orca/bkerns/projects/mjo_lpt_and_ar/tracking/lpt-python-public/ar.testing7.merge_split/data/ar/g0_0h/thresh1/systems/2013060100_2014063023/lpt_system_mask_ar.lptid00066.1500.nc,2013-08-14T13:00:00,True,1075.9167,2013,66.15
178,/home/orca/bkerns/projects/mjo_lpt_and_ar/tracking/lpt-python-public/ar.testing7.merge_split/data/ar/g0_0h/thresh1/systems/2013060100_2014063023/lpt_system_mask_ar.lptid00066.1600.nc,2013-08-19T09:00:00,True,1448.4006,2013,66.16
179,/home/orca/bkerns/projects/mjo_lpt_and_ar/tracking/lpt-python-public/ar.testing7.merge_split/data/ar/g0_0h/thresh1/systems/2013060100_2014063023/lpt_system_mask_ar.lptid00092.1000.nc,2013-07-21T02:00:00,True,444.5396,2013,92.1
180,/home/orca/bkerns/projects/mjo_lpt_and_ar/tracking/lpt-python-public/ar.testing7.merge_split/data/ar/g0_0h/thresh1/systems/2013060100_2014063023/lpt_system_mask_ar.lptid00128.0500.nc,2013-09-09T08:00:00,True,2318.11,2013,128.05
181,/home/orca/bkerns/projects/mjo_lpt_and_ar/tracking/lpt-python-public/ar.testing7.merge_split/data/ar/g0_0h/thresh1/systems/2013060100_2014063023/lpt_system_mask_ar.lptid00128.0900.nc,2013-09-22T15:00:00,True,3011.1438,2013,128.09
182,/home/orca/bkerns/projects/mjo_lpt_and_ar/tracking/lpt-python-public/ar.testing7.merge_split/data/ar/g0_0h/thresh1/systems/2013060100_2014063023/lpt_system_mask_ar.lptid00128.1100.nc,2013-09-20T12:00:00,True,1373.7136,2013,128.11
183,/home/orca/bkerns/projects/mjo_lpt_and_ar/tracking/lpt-python-public/ar.testing7.merge_split/data/ar/g0_0h/thresh1/systems/2013060100_2014063023/lpt_system_mask_ar.lptid00128.1200.nc,2013-09-27T13:00:00,True,1671.857,2013,128.12
184,/home/orca/bkerns/projects/mjo_lpt_and_ar/tracking/lpt-python-public/ar.testing7.merge_split/data/ar/g0_0h/thresh1/systems/2013060100_2014063023/lpt_system_mask_ar.lptid00128.1300.nc,2013-09-27T19:00:00,True,3363.4988,2013,128.13
185,/home/orca/bkerns/projects/mjo_lpt_and_ar/tracking/lpt-python-public/ar.testing7.merge_split/data/ar/g0_0h/thresh1/systems/2013060100_2014063023/lpt_system_mask_ar.lptid00204.1000.nc,2013-10-07T01:00:00,True,1426.6254,2013,204.1
186,/home/orca/bkerns/projects/mjo_lpt_and_ar/tracking/lpt-python-public/ar.testing7.merge_split/data/ar/g0_0h/thresh1/systems/2013060100_2014063023/lpt_system_mask_ar.lptid00542.0500.nc,2014-05-09T01:00:00,True,1444.5718,2013,542.05
187,/home/orca/bkerns/projects/mjo_lpt_and_ar/tracking/lpt-python-public/ar.testing7.merge_split/data/ar/g0_0h/thresh1/systems/2013060100_2014063023/lpt_system_mask_ar.lptid00646.5000.nc,2014-06-25T08:00:00,True,2090.2637,2013,646.5
188,/home/orca/bkerns/projects/mjo_lpt_and_ar/tracking/lpt-python-public/ar.testing7.merge_split/data/ar/g0_0h/thresh1/systems/2017060100_2018063023/lpt_system_mask_ar.lptid00229.5000.nc,2017-10-21T08:00:00,True,2777.5327,2017,229.5
189,/home/orca/bkerns/projects/mjo_lpt_and_ar/tracking/lpt-python-public/ar.testing7.merge_split/data/ar/g0_0h/thresh1/systems/2017060100_2018063023/lpt_system_mask_ar.lptid00229.8000.nc,2017-11-01T03:00:00,True,1924.5599,2017,229.8
190,/home/orca/bkerns/projects/mjo_lpt_and_ar/tracking/lpt-python-public/ar.testing7.merge_split/data/ar/g0_0h/thresh1/systems/2017060100_2018063023/lpt_system_mask_ar.lptid00292.1000.nc,2017-11-08T08:00:00,True,1321.5991,2017,292.1
191,/home/orca/bkerns/projects/mjo_lpt_and_ar/tracking/lpt-python-public/ar.testing7.merge_split/data/ar/g0_0h/thresh1/systems/2017060100_2018063023/lpt_system_mask_ar.lptid00616.2000.nc,2018-06-08T19:00:00,True,1720.2096,2017,616.2
192,/home/orca/bkerns/projects/mjo_lpt_and_ar/tracking/lpt-python-public/ar.testing7.merge_split/data/ar/g0_0h/thresh1/systems/2017060100_2018063023/lpt_system_mask_ar.lptid00616.5000.nc,2018-06-13T07:00:00,True,1585.5612,2017,616.5
193,/home/orca/bkerns/projects/mjo_lpt_and_ar/tracking/lpt-python-public/ar.testing7.merge_split/data/ar/g0_0h/thresh1/systems/2017060100_2018063023/lpt_system_mask_ar.lptid00661.4000.nc,2018-06-30T12:00:00,True,2042.4786,2017,661.4
194,/home/orca/bkerns/projects/mjo_lpt_and_ar/tracking/lpt-python-public/ar.testing7.merge_split/data/ar/g0_0h/thresh1/systems/2020060100_2021063023/lpt_system_mask_ar.lptid00001.1000.nc,2020-06-09T01:00:00,True,1276.64,2020,1.1
195,/home/orca/bkerns/projects/mjo_lpt_and_ar/tracking/lpt-python-public/ar.testing7.merge_split/data/ar/g0_0h/thresh1/systems/2020060100_2021063023/lpt_system_mask_ar.lptid00017.0200.nc,2020-06-15T00:00:00,True,1821.5923,2020,17.02
196,/home/orca/bkerns/projects/mjo_lpt_and_ar/tracking/lpt-python-public/ar.testing7.merge_split/data/ar/g0_0h/thresh1/systems/2020060100_2021063023/lpt_system_mask_ar.lptid00017.0300.nc,2020-06-20T07:00:00,True,1024.8815,2020,17.03
197,/home/orca/bkerns/projects/mjo_lpt_and_ar/tracking/lpt-python-public/ar.testing7.merge_split/data/ar/g0_0h/thresh1/systems/2020060100_2021063023/lpt_system_mask_ar.lptid00017.1100.nc,2020-07-11T18:00:00,True,1663.4669,2020,17.11
198,/home/orca/bkerns/projects/mjo_lpt_and_ar/tracking/lpt-python-public/ar.testing7.merge_split/data/ar/g0_0h/thresh1/systems/2020060100_2021063023/lpt_system_mask_ar.lptid00017.2500.nc,2020-08-21T07:00:00,True,1675.2499,2020,17.25
199,/home/orca/bkerns/projects/mjo_lpt_and_ar/tracking/lpt-python-public/ar.testing7.merge_split/data/ar/g0_0h/thresh1/systems/2020060100_2021063023/lpt_system_mask_ar.lptid00336.2000.nc,2020-12-05T21:00:00,True,1585.2554,2020,336.2
200,/home/orca/bkerns/projects/mjo_lpt_and_ar/tracking/lpt-python-public/ar.testing7.merge_split/data/ar/g0_0h/thresh1/systems/2020060100_2021063023/lpt_system_mask_ar.lptid00336.3000.nc,2020-12-07T07:00:00,True,2020.5911,2020,336.3
201,/home/orca/bkerns/projects/mjo_lpt_and_ar/tracking/lpt-python-public/ar.testing7.merge_split/data/ar/g0_0h/thresh1/systems/2020060100_2021063023/lpt_system_mask_ar.lptid00478.3000.nc,2021-03-14T10:00:00,True,952.2427,2020,478.3
202,/home/orca/bkerns/projects/mjo_lpt_and_ar/tracking/lpt-python-public/ar.testing7.merge_split/data/ar/g0_0h/thresh1/systems/2020060100_2021063023/lpt_system_mask_ar.lptid00478.6000.nc,2021-03-24T12:00:00,True,1206.8564,2020,478.6
203,/home/orca/bkerns/projects/mjo_lpt_and_ar/tracking/lpt-python-public/ar.testing7.merge_split/data/ar/g0_0h/thresh1/systems/2020060100_2021063023/lpt_system_mask_ar.lptid00511.1000.nc,2021-03-18T06:00:00,True,660.00256,2020,511.1
204,/home/orca/bkerns/projects/mjo_lpt_and_ar/tracking/lpt-python-public/ar.testing7.merge_split/data/ar/g0_0h/thresh1/systems/2020060100_2021063023/lpt_system_mask_ar.lptid00595.1600.nc,2021-06-11T20:00:00,True,1023.1513,2020,595.16
205,/home/orca/bkerns/projects/mjo_lpt_and_ar/tracking/lpt-python-public/ar.testing7.merge_split/data/ar/g0_0h/thresh1/systems/2020060100_2021063023/lpt_system_mask_ar.lptid00659.3000.nc,2021-06-19T10:00:00,True,1207.1163,2020,659.3
206,/home/orca/bkerns/projects/mjo_lpt_and_ar/tracking/lpt-python-public/ar.testing7.merge_split/data/ar/g0_0h/thresh1/systems/2016060100_2017063023/lpt_system_mask_ar.lptid00001.1000.nc,2016-06-02T02:00:00,True,1541.6267,2016,1.1
207,/home/orca/bkerns/projects/mjo_lpt_and_ar/tracking/lpt-python-public/ar.testing7.merge_split/data/ar/g0_0h/thresh1/systems/2016060100_2017063023/lpt_system_mask_ar.lptid00176.0200.nc,2016-08-27T11:00:00,True,1287.7579,2016,176.02
208,/home/orca/bkerns/projects/mjo_lpt_and_ar/tracking/lpt-python-public/ar.testing7.merge_split/data/ar/g0_0h/thresh1/systems/2016060100_2017063023/lpt_system_mask_ar.lptid00176.0600.nc,2016-09-02T12:00:00,True,1462.6447,2016,176.06
209,/home/orca/bkerns/projects/mjo_lpt_and_ar/tracking/lpt-python-public/ar.testing7.merge_split/data/ar/g0_0h/thresh1/systems/2016060100_2017063023/lpt_system_mask_ar.lptid00176.1100.nc,2016-09-10T08:00:00,True,1676.6545,2016,176.11
210,/home/orca/bkerns/projects/mjo_lpt_and_ar/tracking/lpt-python-public/ar.testing7.merge_split/data/ar/g0_0h/thresh1/systems/2016060100_2017063023/lpt_system_mask_ar.lptid00176.1200.nc,2016-09-17T01:00:00,True,2554.5913,2016,176.12
211,/home/orca/bkerns/projects/mjo_lpt_and_ar/tracking/lpt-python-public/ar.testing7.merge_split/data/ar/g0_0h/thresh1/systems/2016060100_2017063023/lpt_system_mask_ar.lptid00176.1300.nc,2016-09-23T10:00:00,True,2111.915,2016,176.13
212,/home/orca/bkerns/projects/mjo_lpt_and_ar/tracking/lpt-python-public/ar.testing7.merge_split/data/ar/g0_0h/thresh1/systems/2016060100_2017063023/lpt_system_mask_ar.lptid00176.1600.nc,2016-10-03T15:00:00,True,1722.0114,2016,176.16
213,/home/orca/bkerns/projects/mjo_lpt_and_ar/tracking/lpt-python-public/ar.testing7.merge_split/data/ar/g0_0h/thresh1/systems/2016060100_2017063023/lpt_system_mask_ar.lptid00176.2000.nc,2016-10-06T23:00:00,True,2473.1406,2016,176.2
214,/home/orca/bkerns/projects/mjo_lpt_and_ar/tracking/lpt-python-public/ar.testing7.merge_split/data/ar/g0_0h/thresh1/systems/2016060100_2017063023/lpt_system_mask_ar.lptid00176.2100.nc,2016-10-10T21:00:00,True,1860.4739,2016,176.21
215,/home/orca/bkerns/projects/mjo_lpt_and_ar/tracking/lpt-python-public/ar.testing7.merge_split/data/ar/g0_0h/thresh1/systems/2016060100_2017063023/lpt_system_mask_ar.lptid00176.2200.nc,2016-10-13T01:00:00,True,2692.435,2016,176.22
216,/home/orca/bkerns/projects/mjo_lpt_and_ar/tracking/lpt-python-public/ar.testing7.merge_split/data/ar/g0_0h/thresh1/systems/2016060100_2017063023/lpt_system_mask_ar.lptid00176.2300.nc,2016-10-13T14:00:00,True,1639.2043,2016,176.23
217,/home/orca/bkerns/projects/mjo_lpt_and_ar/tracking/lpt-python-public/ar.testing7.merge_split/data/ar/g0_0h/thresh1/systems/2016060100_2017063023/lpt_system_mask_ar.lptid00182.1000.nc,2016-08-20T10:00:00,True,204.93289,2016,182.1
218,/home/orca/bkerns/projects/mjo_lpt_and_ar/tracking/lpt-python-public/ar.testing7.merge_split/data/ar/g0_0h/thresh1/systems/2016060100_2017063023/lpt_system_mask_ar.lptid00194.2000.nc,2016-08-30T19:00:00,True,445.5495,2016,194.2
219,/home/orca/bkerns/projects/mjo_lpt_and_ar/tracking/lpt-python-public/ar.testing7.merge_split/data/ar/g0_0h/thresh1/systems/2016060100_2017063023/lpt_system_mask_ar.lptid00530.3000.nc,2017-03-08T23:00:00,True,944.2742,2016,530.3
220,/home/orca/bkerns/projects/mjo_lpt_and_ar/tracking/lpt-python-public/ar.testing7.merge_split/data/ar/g0_0h/thresh1/systems/2016060100_2017063023/lpt_system_mask_ar.lptid00530.4000.nc,2017-03-10T21:00:00,True,815.6664,2016,530.4
221,/home/orca/bkerns/projects/mjo_lpt_and_ar/tracking/lpt-python-public/ar.testing7.merge_split/data/ar/g0_0h/thresh1/systems/2016060100_2017063023/lpt_system_mask_ar.lptid00535.1000.nc,2017-02-27T10:00:00,True,568.29333,2016,535.1
222,/home/orca/bkerns/projects/mjo_lpt_and_ar/tracking/lpt-python-public/ar.testing7.merge_split/data/ar/g0_0h/thresh1/systems/2016060100_2017063023/lpt_system_mask_ar.lptid00537.1000.nc,2017-03-03T17:00:00,True,687.8258,2016,537.1
223,/home/orca/bkerns/projects/mjo_lpt_and_ar/tracking/lpt-python-public/ar.testing7.merge_split/data/ar/g0_0h/thresh1/systems/2016060100_2017063023/lpt_system_mask_ar.lptid00549.0300.nc,2017-03-13T08:00:00,True,1056.4601,2016,549.03
224,/home/orca/bkerns/projects/mjo_lpt_and_ar/tracking/lpt-python-public/ar.testing7.merge_split/data/ar/g0_0h/thresh1/systems/2016060100_2017063023/lpt_system_mask_ar.lptid00622.1000.nc,2017-04-16T16:00:00,True,1039.7999,2016,622.1
225,/home/orca/bkerns/projects/mjo_lpt_and_ar/tracking/lpt-python-public/ar.testing7.merge_split/data/ar/g0_0h/thresh1/systems/2016060100_2017063023/lpt_system_mask_ar.lptid00630.1000.nc,2017-04-24T07:00:00,True,2059.6453,2016,630.1
226,/home/orca/bkerns/projects/mjo_lpt_and_ar/tracking/lpt-python-public/ar.testing7.merge_split/data/ar/g0_0h/thresh1/systems/2016060100_2017063023/lpt_system_mask_ar.lptid00630.2000.nc,2017-04-22T10:00:00,True,1580.5769,2016,630.2
227,/home/orca/bkerns/projects/mjo_lpt_and_ar/tracking/lpt-python-public/ar.testing7.merge_split/data/ar/g0_0h/thresh1/systems/2016060100_2017063023/lpt_system_mask_ar.lptid00630.4000.nc,2017-05-01T22:00:00,True,1889.5197,2016,630.4
228,/home/orca/bkerns/projects/mjo_lpt_and_ar/tracking/lpt-python-public/ar.testing7.merge_split/data/ar/g0_0h/thresh1/systems/2016060100_2017063023/lpt_system_mask_ar.lptid00630.5000.nc,2017-04-28T00:00:00,True,971.7812,2016,630.5
229,/home/orca/bkerns/projects/mjo_lpt_and_ar/tracking/lpt-python-public/ar.testing7.merge_split/data/ar/g0_0h/thresh1/systems/2016060100_2017063023/lpt_system_mask_ar.lptid00630.9000.nc,2017-05-11T03:00:00,True,645.1613,2016,630.9
230,/home/orca/bkerns/projects/mjo_lpt_and_ar/tracking/lpt-python-public/ar.testing7.merge_split/data/ar/g0_0h/thresh1/systems/2016060100_2017063023/lpt_system_mask_ar.lptid00634.1000.nc,2017-04-18T10:00:00,True,654.912,2016,634.1
231,/home/orca/bkerns/projects/mjo_lpt_and_ar/tracking/lpt-python-public/ar.testing7.merge_split/data/ar/g0_0h/thresh1/systems/2016060100_2017063023/lpt_system_mask_ar.lptid00663.3000.nc,2017-05-16T03:00:00,True,1146.8495,2016,663.3
232,/home/orca/bkerns/projects/mjo_lpt_and_ar/tracking/lpt-python-public/ar.testing7.merge_split/data/ar/g0_0h/thresh1/systems/2015060100_2016063023/lpt_system_mask_ar.lptid00190.1100.nc,2015-10-07T03:00:00,True,2562.2976,2015,190.11
233,/home/orca/bkerns/projects/mjo_lpt_and_ar/tracking/lpt-python-public/ar.testing7.merge_split/data/ar/g0_0h/thresh1/systems/2015060100_2016063023/lpt_system_mask_ar.lptid00260.1000.nc,2015-10-09T20:00:00,True,377.1095,2015,260.1
234,/home/orca/bkerns/projects/mjo_lpt_and_ar/tracking/lpt-python-public/ar.testing7.merge_split/data/ar/g0_0h/thresh1/systems/2015060100_2016063023/lpt_system_mask_ar.lptid00264.1000.nc,2015-10-12T16:00:00,True,1150.648,2015,264.1
235,/home/orca/bkerns/projects/mjo_lpt_and_ar/tracking/lpt-python-public/ar.testing7.merge_split/data/ar/g0_0h/thresh1/systems/2018060100_2019063023/lpt_system_mask_ar.lptid00001.1000.nc,2018-06-08T19:00:00,True,1720.2096,2018,1.1
236,/home/orca/bkerns/projects/mjo_lpt_and_ar/tracking/lpt-python-public/ar.testing7.merge_split/data/ar/g0_0h/thresh1/systems/2018060100_2019063023/lpt_system_mask_ar.lptid00001.4000.nc,2018-06-13T07:00:00,True,1585.5612,2018,1.4
237,/home/orca/bkerns/projects/mjo_lpt_and_ar/tracking/lpt-python-public/ar.testing7.merge_split/data/ar/g0_0h/thresh1/systems/2018060100_2019063023/lpt_system_mask_ar.lptid00047.1700.nc,2018-08-26T12:00:00,True,2539.5063,2018,47.17
238,/home/orca/bkerns/projects/mjo_lpt_and_ar/tracking/lpt-python-public/ar.testing7.merge_split/data/ar/g0_0h/thresh1/systems/2018060100_2019063023/lpt_system_mask_ar.lptid00047.2100.nc,2018-09-03T02:00:00,True,1670.6466,2018,47.21
239,/home/orca/bkerns/projects/mjo_lpt_and_ar/tracking/lpt-python-public/ar.testing7.merge_split/data/ar/g0_0h/thresh1/systems/2018060100_2019063023/lpt_system_mask_ar.lptid00203.4000.nc,2018-09-20T22:00:00,True,916.5902,2018,203.4
240,/home/orca/bkerns/projects/mjo_lpt_and_ar/tracking/lpt-python-public/ar.testing7.merge_split/data/ar/g0_0h/thresh1/systems/2018060100_2019063023/lpt_system_mask_ar.lptid00206.1000.nc,2018-09-07T20:00:00,True,689.02814,2018,206.1
241,/home/orca/bkerns/projects/mjo_lpt_and_ar/tracking/lpt-python-public/ar.testing7.merge_split/data/ar/g0_0h/thresh1/systems/2018060100_2019063023/lpt_system_mask_ar.lptid00231.1400.nc,2018-10-20T10:00:00,True,1150.1062,2018,231.14
242,/home/orca/bkerns/projects/mjo_lpt_and_ar/tracking/lpt-python-public/ar.testing7.merge_split/data/ar/g0_0h/thresh1/systems/2018060100_2019063023/lpt_system_mask_ar.lptid00469.1000.nc,2019-02-24T21:00:00,True,848.5332,2018,469.1
243,/home/orca/bkerns/projects/mjo_lpt_and_ar/tracking/lpt-python-public/ar.testing7.merge_split/data/ar/g0_0h/thresh1/systems/2021060100_2022063023/lpt_system_mask_ar.lptid00002.2000.nc,2021-06-11T11:00:00,True,1912.1017,2021,2.2
244,/home/orca/bkerns/projects/mjo_lpt_and_ar/tracking/lpt-python-public/ar.testing7.merge_split/data/ar/g0_0h/thresh1/systems/2021060100_2022063023/lpt_system_mask_ar.lptid00002.4000.nc,2021-06-11T20:00:00,True,1023.1513,2021,2.4
245,/home/orca/bkerns/projects/mjo_lpt_and_ar/tracking/lpt-python-public/ar.testing7.merge_split/data/ar/g0_0h/thresh1/systems/2021060100_2022063023/lpt_system_mask_ar.lptid00016.0300.nc,2021-06-19T10:00:00,True,1207.1163,2021,16.03
246,/home/orca/bkerns/projects/mjo_lpt_and_ar/tracking/lpt-python-public/ar.testing7.merge_split/data/ar/g0_0h/thresh1/systems/2021060100_2022063023/lpt_system_mask_ar.lptid00016.2000.nc,2021-08-16T04:00:00,True,1061.2482,2021,16.2
247,/home/orca/bkerns/projects/mjo_lpt_and_ar/tracking/lpt-python-public/ar.testing7.merge_split/data/ar/g0_0h/thresh1/systems/2021060100_2022063023/lpt_system_mask_ar.lptid00016.2200.nc,2021-08-18T23:00:00,True,1481.7098,2021,16.22
248,/home/orca/bkerns/projects/mjo_lpt_and_ar/tracking/lpt-python-public/ar.testing7.merge_split/data/ar/g0_0h/thresh1/systems/2021060100_2022063023/lpt_system_mask_ar.lptid00016.2600.nc,2021-08-19T22:00:00,True,1379.8766,2021,16.26
249,/home/orca/bkerns/projects/mjo_lpt_and_ar/tracking/lpt-python-public/ar.testing7.merge_split/data/ar/g0_0h/thresh1/systems/2021060100_2022063023/lpt_system_mask_ar.lptid00016.3200.nc,2021-09-04T15:00:00,True,1469.0204,2021,16.32
250,/home/orca/bkerns/projects/mjo_lpt_and_ar/tracking/lpt-python-public/ar.testing7.merge_split/data/ar/g0_0h/thresh1/systems/2021060100_2022063023/lpt_system_mask_ar.lptid00167.1000.nc,2021-09-06T18:00:00,True,478.99472,2021,167.1
251,/home/orca/bkerns/projects/mjo_lpt_and_ar/tracking/lpt-python-public/ar.testing7.merge_split/data/ar/g0_0h/thresh1/systems/2021060100_2022063023/lpt_system_mask_ar.lptid00170.2000.nc,2021-09-14T14:00:00,True,2121.274,2021,170.2
252,/home/orca/bkerns/projects/mjo_lpt_and_ar/tracking/lpt-python-public/ar.testing7.merge_split/data/ar/g0_0h/thresh1/systems/2021060100_2022063023/lpt_system_mask_ar.lptid00170.3000.nc,2021-09-11T09:00:00,True,785.373,2021,170.3
253,/home/orca/bkerns/projects/mjo_lpt_and_ar/tracking/lpt-python-public/ar.testing7.merge_split/data/ar/g0_0h/thresh1/systems/2021060100_2022063023/lpt_system_mask_ar.lptid00170.4000.nc,2021-09-18T20:00:00,True,2033.393,2021,170.4
254,/home/orca/bkerns/projects/mjo_lpt_and_ar/tracking/lpt-python-public/ar.testing7.merge_split/data/ar/g0_0h/thresh1/systems/2021060100_2022063023/lpt_system_mask_ar.lptid00184.3000.nc,2021-09-26T10:00:00,True,1820.1648,2021,184.3
255,/home/orca/bkerns/projects/mjo_lpt_and_ar/tracking/lpt-python-public/ar.testing7.merge_split/data/ar/g0_0h/thresh1/systems/2021060100_2022063023/lpt_system_mask_ar.lptid00184.4000.nc,2021-09-29T12:00:00,True,1449.8805,2021,184.4
256,/home/orca/bkerns/projects/mjo_lpt_and_ar/tracking/lpt-python-public/ar.testing7.merge_split/data/ar/g0_0h/thresh1/systems/2021060100_2022063023/lpt_system_mask_ar.lptid00206.0300.nc,2021-10-09T21:00:00,True,2070.518,2021,206.03
257,/home/orca/bkerns/projects/mjo_lpt_and_ar/tracking/lpt-python-public/ar.testing7.merge_split/data/ar/g0_0h/thresh1/systems/2021060100_2022063023/lpt_system_mask_ar.lptid00206.0900.nc,2021-10-12T16:00:00,True,1525.5203,2021,206.09
258,/home/orca/bkerns/projects/mjo_lpt_and_ar/tracking/lpt-python-public/ar.testing7.merge_split/data/ar/g0_0h/thresh1/systems/2021060100_2022063023/lpt_system_mask_ar.lptid00206.1000.nc,2021-10-15T09:00:00,True,1108.8816,2021,206.1
259,/home/orca/bkerns/projects/mjo_lpt_and_ar/tracking/lpt-python-public/ar.testing7.merge_split/data/ar/g0_0h/thresh1/systems/2021060100_2022063023/lpt_system_mask_ar.lptid00206.1100.nc,2021-10-19T20:00:00,True,2003.2571,2021,206.11
260,/home/orca/bkerns/projects/mjo_lpt_and_ar/tracking/lpt-python-public/ar.testing7.merge_split/data/ar/g0_0h/thresh1/systems/2021060100_2022063023/lpt_system_mask_ar.lptid00206.1300.nc,2021-10-23T12:00:00,True,2225.718,2021,206.13
261,/home/orca/bkerns/projects/mjo_lpt_and_ar/tracking/lpt-python-public/ar.testing7.merge_split/data/ar/g0_0h/thresh1/systems/2021060100_2022063023/lpt_system_mask_ar.lptid00206.1400.nc,2021-10-21T08:00:00,True,1269.6283,2021,206.14
262,/home/orca/bkerns/projects/mjo_lpt_and_ar/tracking/lpt-python-public/ar.testing7.merge_split/data/ar/g0_0h/thresh1/systems/2021060100_2022063023/lpt_system_mask_ar.lptid00206.1500.nc,2021-10-24T19:00:00,True,1396.5461,2021,206.15
263,/home/orca/bkerns/projects/mjo_lpt_and_ar/tracking/lpt-python-public/ar.testing7.merge_split/data/ar/g0_0h/thresh1/systems/2021060100_2022063023/lpt_system_mask_ar.lptid00221.1000.nc,2021-10-05T09:00:00,True,799.46454,2021,221.1
264,/home/orca/bkerns/projects/mjo_lpt_and_ar/tracking/lpt-python-public/ar.testing7.merge_split/data/ar/g0_0h/thresh1/systems/2021060100_2022063023/lpt_system_mask_ar.lptid00229.1000.nc,2021-10-08T02:00:00,True,1037.983,2021,229.1
265,/home/orca/bkerns/projects/mjo_lpt_and_ar/tracking/lpt-python-public/ar.testing7.merge_split/data/ar/g0_0h/thresh1/systems/2021060100_2022063023/lpt_system_mask_ar.lptid00524.4000.nc,2022-04-17T15:00:00,True,701.04803,2021,524.4
266,/home/orca/bkerns/projects/mjo_lpt_and_ar/tracking/lpt-python-public/ar.testing7.merge_split/data/ar/g0_0h/thresh1/systems/2021060100_2022063023/lpt_system_mask_ar.lptid00548.0200.nc,2022-05-05T10:00:00,True,1517.6422,2021,548.02
267,/home/orca/bkerns/projects/mjo_lpt_and_ar/tracking/lpt-python-public/ar.testing7.merge_split/data/ar/g0_0h/thresh1/systems/2021060100_2022063023/lpt_system_mask_ar.lptid00548.0800.nc,2022-05-12T16:00:00,True,1499.8005,2021,548.08
268,/home/orca/bkerns/projects/mjo_lpt_and_ar/tracking/lpt-python-public/ar.testing7.merge_split/data/ar/g0_0h/thresh1/systems/2021060100_2022063023/lpt_system_mask_ar.lptid00548.1200.nc,2022-05-24T21:00:00,True,1351.9205,2021,548.12
269,/home/orca/bkerns/projects/mjo_lpt_and_ar/tracking/lpt-python-public/ar.testing7.merge_split/data/ar/g0_0h/thresh1/systems/2021060100_2022063023/lpt_system_mask_ar.lptid00549.1000.nc,2022-04-29T15:00:00,True,745.9151,2021,549.1
270,/home/orca/bkerns/projects/mjo_lpt_and_ar/tracking/lpt-python-public/ar.testing7.merge_split/data/ar/g0_0h/thresh1/systems/2021060100_2022063023/lpt_system_mask_ar.lptid00596.1000.nc,2022-05-28T10:00:00,True,1773.8064,2021,596.1
271,/home/orca/bkerns/projects/mjo_lpt_and_ar/tracking/lpt-python-public/ar.testing7.merge_split/data/ar/g0_0h/thresh1/systems/2021060100_2022063023/lpt_system_mask_ar.lptid00596.3000.nc,2022-06-04T08:00:00,True,1768.972,2021,596.3
272,/home/orca/bkerns/projects/mjo_lpt_and_ar/tracking/lpt-python-public/ar.testing7.merge_split/data/ar/g0_0h/thresh1/systems/2021060100_2022063023/lpt_system_mask_ar.lptid00596.4000.nc,2022-06-08T03:00:00,True,1687.1355,2021,596.4
273,/home/orca/bkerns/projects/mjo_lpt_and_ar/tracking/lpt-python-public/ar.testing7.merge_split/data/ar/g0_0h/thresh1/systems/2021060100_2022063023/lpt_system_mask_ar.lptid00626.3000.nc,2022-06-21T23:00:00,True,971.6674,2021,626.3
274,/home/orca/bkerns/projects/mjo_lpt_and_ar/tracking/lpt-python-public/ar.testing7.merge_split/data/ar/g0_0h/thresh1/systems/2023060100_2024063023/lpt_system_mask_ar.lptid00162.3000.nc,2023-08-31T09:00:00,True,293.3027,2023,163.1
275,/home/orca/bkerns/projects/mjo_lpt_and_ar/tracking/lpt-python-public/ar.testing7.merge_split/data/ar/g0_0h/thresh1/systems/2023060100_2024063023/lpt_system_mask_ar.lptid00185.5000.nc,2023-09-10T22:00:00,True,799.078,2023,186.1
276,/home/orca/bkerns/projects/mjo_lpt_and_ar/tracking/lpt-python-public/ar.testing7.merge_split/data/ar/g0_0h/thresh1/systems/2023060100_2024063023/lpt_system_mask_ar.lptid00209.1000.nc,2023-09-24T14:00:00,True,2128.077,2023,209.2
277,/home/orca/bkerns/projects/mjo_lpt_and_ar/tracking/lpt-python-public/ar.testing7.merge_split/data/ar/g0_0h/thresh1/systems/2023060100_2024063023/lpt_system_mask_ar.lptid00209.2000.nc,2023-10-02T07:00:00,True,1590.2096,2023,209.3
278,/home/orca/bkerns/projects/mjo_lpt_and_ar/tracking/lpt-python-public/ar.testing7.merge_split/data/ar/g0_0h/thresh1/systems/2023060100_2024063023/lpt_system_mask_ar.lptid00209.4000.nc,2023-10-10T09:00:00,True,1304.4539,2023,209.5
279,/home/orca/bkerns/projects/mjo_lpt_and_ar/tracking/lpt-python-public/ar.testing7.merge_split/data/ar/g0_0h/thresh1/systems/2023060100_2024063023/lpt_system_mask_ar.lptid00209.5000.nc,2023-10-09T05:00:00,True,263.49185,2023,210.1
280,/home/orca/bkerns/projects/mjo_lpt_and_ar/tracking/lpt-python-public/ar.testing7.merge_split/data/ar/g0_0h/thresh1/systems/2023060100_2024063023/lpt_system_mask_ar.lptid00247.1000.nc,2023-10-14T18:00:00,True,1186.7332,2023,247.2
281,/home/orca/bkerns/projects/mjo_lpt_and_ar/tracking/lpt-python-public/ar.testing7.merge_split/data/ar/g0_0h/thresh1/systems/2023060100_2024063023/lpt_system_mask_ar.lptid00247.2000.nc,2023-10-15T17:00:00,True,317.20932,2023,248.1
282,/home/orca/bkerns/projects/mjo_lpt_and_ar/tracking/lpt-python-public/ar.testing7.merge_split/data/ar/g0_0h/thresh1/systems/2023060100_2024063023/lpt_system_mask_ar.lptid00254.0100.nc,2023-10-24T12:00:00,True,1933.5209,2023,254.02
283,/home/orca/bkerns/projects/mjo_lpt_and_ar/tracking/lpt-python-public/ar.testing7.merge_split/data/ar/g0_0h/thresh1/systems/2023060100_2024063023/lpt_system_mask_ar.lptid00254.0500.nc,2023-11-01T09:00:00,True,555.15326,2023,254.06
284,/home/orca/bkerns/projects/mjo_lpt_and_ar/tracking/lpt-python-public/ar.testing7.merge_split/data/ar/g0_0h/thresh1/systems/2023060100_2024063023/lpt_system_mask_ar.lptid00254.0800.nc,2023-11-11T01:00:00,True,1068.0498,2023,254.09
285,/home/orca/bkerns/projects/mjo_lpt_and_ar/tracking/lpt-python-public/ar.testing7.merge_split/data/ar/g0_0h/thresh1/systems/2023060100_2024063023/lpt_system_mask_ar.lptid00254.1100.nc,2023-11-09T20:00:00,True,1507.7811,2023,254.12
286,/home/orca/bkerns/projects/mjo_lpt_and_ar/tracking/lpt-python-public/ar.testing7.merge_split/data/ar/g0_0h/thresh1/systems/2023060100_2024063023/lpt_system_mask_ar.lptid00254.1500.nc,2023-11-21T20:00:00,True,879.5201,2023,255.1
287,/home/orca/bkerns/projects/mjo_lpt_and_ar/tracking/lpt-python-public/ar.testing7.merge_split/data/ar/g0_0h/thresh1/systems/2023060100_2024063023/lpt_system_mask_ar.lptid00306.1000.nc,2023-11-14T19:00:00,True,607.5854,2023,307.1
288,/home/orca/bkerns/projects/mjo_lpt_and_ar/tracking/lpt-python-public/ar.testing7.merge_split/data/ar/g0_0h/thresh1/systems/2023060100_2024063023/lpt_system_mask_ar.lptid00360.2000.nc,2023-12-25T02:00:00,True,1680.2244,2023,360.3
289,/home/orca/bkerns/projects/mjo_lpt_and_ar/tracking/lpt-python-public/ar.testing7.merge_split/data/ar/g0_0h/thresh1/systems/2023060100_2024063023/lpt_system_mask_ar.lptid00360.4000.nc,2024-01-02T12:00:00,True,1240.7979,2023,360.5
290,/home/orca/bkerns/projects/mjo_lpt_and_ar/tracking/lpt-python-public/ar.testing7.merge_split/data/ar/g0_0h/thresh1/systems/2023060100_2024063023/lpt_system_mask_ar.lptid00360.5000.nc,2023-12-28T16:00:00,True,1017.823,2023,360.6
291,/home/orca/bkerns/projects/mjo_lpt_and_ar/tracking/lpt-python-public/ar.testing7.merge_split/data/ar/g0_0h/thresh1/systems/2023060100_2024063023/lpt_system_mask_ar.lptid00510.2000.nc,2024-03-29T17:00:00,True,1840.545,2023,511.01
292,/home/orca/bkerns/projects/mjo_lpt_and_ar/tracking/lpt-python-public/ar.testing7.merge_split/data/ar/g0_0h/thresh1/systems/2023060100_2024063023/lpt_system_mask_ar.lptid00520.4000.nc,2024-04-08T22:00:00,True,138.17218,2023,521.1
293,/home/orca/bkerns/projects/mjo_lpt_and_ar/tracking/lpt-python-public/ar.testing7.merge_split/data/ar/g0_0h/thresh1/systems/2023060100_2024063023/lpt_system_mask_ar.lptid00547.1000.nc,2024-04-20T17:00:00,True,129.34178,2023,548.1
294,/home/orca/bkerns/projects/mjo_lpt_and_ar/tracking/lpt-python-public/ar.testing7.merge_split/data/ar/g0_0h/thresh1/systems/2023060100_2024063023/lpt_system_mask_ar.lptid00623.0900.nc,2024-06-11T16:00:00,True,2042.1394,2023,623.1
295,/home/orca/bkerns/projects/mjo_lpt_and_ar/tracking/lpt-python-public/ar.testing7.merge_split/data/ar/g0_0h/thresh1/systems/2023060100_2024063023/lpt_system_mask_ar.lptid00623.1100.nc,2024-06-16T21:00:00,True,2201.9282,2023,623.12
296,/home/orca/bkerns/projects/mjo_lpt_and_ar/tracking/lpt-python-public/ar.testing7.merge_split/data/ar/g0_0h/thresh1/systems/2019060100_2020063023/lpt_system_mask_ar.lptid00077.3000.nc,2019-07-27T00:00:00,True,1207.5001,2019,77.3
297,/home/orca/bkerns/projects/mjo_lpt_and_ar/tracking/lpt-python-public/ar.testing7.merge_split/data/ar/g0_0h/thresh1/systems/2019060100_2020063023/lpt_system_mask_ar.lptid00077.7000.nc,2019-08-01T17:00:00,True,887.431,2019,77.7
298,/home/orca/bkerns/projects/mjo_lpt_and_ar/tracking/lpt-python-public/ar.testing7.merge_split/data/ar/g0_0h/thresh1/systems/2019060100_2020063023/lpt_system_mask_ar.lptid00129.1000.nc,2019-08-21T04:00:00,True,1956.8499,2019,129.1
299,/home/orca/bkerns/projects/mjo_lpt_and_ar/tracking/lpt-python-public/ar.testing7.merge_split/data/ar/g0_0h/thresh1/systems/2019060100_2020063023/lpt_system_mask_ar.lptid00129.3000.nc,2019-08-21T19:00:00,True,670.99,2019,129.3
300,/home/orca/bkerns/projects/mjo_lpt_and_ar/tracking/lpt-python-public/ar.testing7.merge_split/data/ar/g0_0h/thresh1/systems/2019060100_2020063023/lpt_system_mask_ar.lptid00157.1000.nc,2019-08-29T01:00:00,True,403.34958,2019,157.1
301,/home/orca/bkerns/projects/mjo_lpt_and_ar/tracking/lpt-python-public/ar.testing7.merge_split/data/ar/g0_0h/thresh1/systems/2019060100_2020063023/lpt_system_mask_ar.lptid00174.1000.nc,2019-09-13T22:00:00,True,3368.9329,2019,174.1
302,/home/orca/bkerns/projects/mjo_lpt_and_ar/tracking/lpt-python-public/ar.testing7.merge_split/data/ar/g0_0h/thresh1/systems/2019060100_2020063023/lpt_system_mask_ar.lptid00178.1000.nc,2019-09-12T13:00:00,True,1437.7417,2019,178.1
303,/home/orca/bkerns/projects/mjo_lpt_and_ar/tracking/lpt-python-public/ar.testing7.merge_split/data/ar/g0_0h/thresh1/systems/2019060100_2020063023/lpt_system_mask_ar.lptid00180.0300.nc,2019-09-17T10:00:00,True,798.1549,2019,180.03
304,/home/orca/bkerns/projects/mjo_lpt_and_ar/tracking/lpt-python-public/ar.testing7.merge_split/data/ar/g0_0h/thresh1/systems/2019060100_2020063023/lpt_system_mask_ar.lptid00180.0400.nc,2019-09-23T14:00:00,True,1847.5729,2019,180.04
305,/home/orca/bkerns/projects/mjo_lpt_and_ar/tracking/lpt-python-public/ar.testing7.merge_split/data/ar/g0_0h/thresh1/systems/2019060100_2020063023/lpt_system_mask_ar.lptid00233.1300.nc,2019-11-13T14:00:00,True,3012.9133,2019,233.13
306,/home/orca/bkerns/projects/mjo_lpt_and_ar/tracking/lpt-python-public/ar.testing7.merge_split/data/ar/g0_0h/thresh1/systems/2019060100_2020063023/lpt_system_mask_ar.lptid00233.1700.nc,2019-11-09T05:00:00,True,1262.2418,2019,233.17
307,/home/orca/bkerns/projects/mjo_lpt_and_ar/tracking/lpt-python-public/ar.testing7.merge_split/data/ar/g0_0h/thresh1/systems/2019060100_2020063023/lpt_system_mask_ar.lptid00233.1800.nc,2019-11-16T19:00:00,True,1705.6865,2019,233.18
308,/home/orca/bkerns/projects/mjo_lpt_and_ar/tracking/lpt-python-public/ar.testing7.merge_split/data/ar/g0_0h/thresh1/systems/2019060100_2020063023/lpt_system_mask_ar.lptid00312.7000.nc,2019-12-10T22:00:00,True,1953.4504,2019,312.7
309,/home/orca/bkerns/projects/mjo_lpt_and_ar/tracking/lpt-python-public/ar.testing7.merge_split/data/ar/g0_0h/thresh1/systems/2019060100_2020063023/lpt_system_mask_ar.lptid00312.8000.nc,2019-12-12T16:00:00,True,641.44366,2019,312.8
310,/home/orca/bkerns/projects/mjo_lpt_and_ar/tracking/lpt-python-public/ar.testing7.merge_split/data/ar/g0_0h/thresh1/systems/2019060100_2020063023/lpt_system_mask_ar.lptid00659.2000.nc,2020-06-15T00:00:00,True,1821.5923,2019,659.2
311,/home/orca/bkerns/projects/mjo_lpt_and_ar/tracking/lpt-python-public/ar.testing7.merge_split/data/ar/g0_0h/thresh1/systems/2019060100_2020063023/lpt_system_mask_ar.lptid00659.3000.nc,2020-06-20T07:00:00,True,1024.8815,2019,659.3
